Date,Month2,Month3,Month4,Month5,Month6
2021-05-25 21:16:38,AUG-21 (2021-06-29 18:30:00),OCT-21 (2021-08-30 17:30:00),SEP-21 (2021-07-29 18:30:00),NOV-21 (2021-09-29 18:30:00),JUL-21 (2021-05-27 18:30:00)
2021-05-27 21:17:07,AUG-21 (2021-06-29 18:30:00),OCT-21 (2021-08-30 17:30:00),SEP-21 (2021-07-29 18:30:00),NOV-21 (2021-09-29 18:30:00),DEC-21 (2021-10-28 18:30:00)
2021-06-30 05:28:42,JAN-22 (2021-11-29 19:30:00),OCT-21 (2021-08-30 17:30:00),SEP-21 (2021-07-29 18:30:00),NOV-21 (2021-09-29 18:30:00),DEC-21 (2021-10-28 18:30:00)
2021-07-30 05:27:26,JAN-22 (2021-11-29 19:30:00),OCT-21 (2021-08-30 17:30:00),FEB-22 (2021-12-29 19:30:00),NOV-21 (2021-09-29 18:30:00),DEC-21 (2021-10-28 18:30:00)
2021-09-07 10:03:40,JAN-22 (2021-11-29 19:30:00),MAR-22 (2022-01-28 18:30:00),FEB-22 (2021-12-29 19:30:00),NOV-21 (2021-09-29 18:30:00),DEC-21 (2021-10-28 18:30:00)
2021-09-30 05:27:35,JAN-22 (2021-11-29 19:30:00),MAR-22 (2022-01-28 18:30:00),FEB-22 (2021-12-29 19:30:00),APR-22 (2022-02-25 19:30:00),DEC-21 (2021-10-28 18:30:00)
2021-10-29 05:27:33,JAN-22 (2021-11-29 19:30:00),MAR-22 (2022-01-28 18:30:00),FEB-22 (2021-12-29 19:30:00),APR-22 (2022-02-25 19:30:00),MAY-22 (2022-03-30 18:30:00)
2021-11-30 05:29:09,JUN-22 (2022-04-28 18:30:00),MAR-22 (2022-01-28 18:30:00),FEB-22 (2021-12-29 19:30:00),APR-22 (2022-02-25 19:30:00),MAY-22 (2022-03-30 18:30:00)
2021-12-30 05:21:30,JUN-22 (2022-04-28 18:30:00),MAR-22 (2022-01-28 18:30:00),JUL-22 (2022-05-27 18:30:00),APR-22 (2022-02-25 19:30:00),MAY-22 (2022-03-30 18:30:00)
2022-01-29 05:22:38,JUN-22 (2022-04-28 18:30:00),AUG-22 (2022-06-29 17:30:00),JUL-22 (2022-05-27 18:30:00),APR-22 (2022-02-25 19:30:00),MAY-22 (2022-03-30 18:30:00)
2022-02-25 20:06:54,JUN-22 (2022-04-28 18:30:00),AUG-22 (2022-06-29 17:30:00),JUL-22 (2022-05-27 18:30:00),SEP-22 (2022-07-28 18:30:00),MAY-22 (2022-03-30 18:30:00)
2022-03-30 20:06:54,JUN-22 (2022-04-28 18:30:00),AUG-22 (2022-06-29 17:30:00),JUL-22 (2022-05-27 18:30:00),SEP-22 (2022-07-28 18:30:00),OCT-22 (2022-08-30 18:30:00)
2022-04-28 20:06:55,NOV-22 (2022-09-29 18:30:00),AUG-22 (2022-06-29 17:30:00),JUL-22 (2022-05-27 18:30:00),SEP-22 (2022-07-28 18:30:00),OCT-22 (2022-08-30 18:30:00)
2022-05-27 20:06:56,NOV-22 (2022-09-29 18:30:00),AUG-22 (2022-06-29 17:30:00),DEC-22 (2022-10-28 18:30:00),SEP-22 (2022-07-28 18:30:00),OCT-22 (2022-08-30 18:30:00)
2022-07-11 20:06:54,NOV-22 (2022-09-29 18:30:00),JAN-23 (2022-11-29 18:30:00),DEC-22 (2022-10-28 18:30:00),SEP-22 (2022-07-28 18:30:00),OCT-22 (2022-08-30 18:30:00)
2022-07-28 20:06:56,NOV-22 (2022-09-29 18:30:00),JAN-23 (2022-11-29 18:30:00),DEC-22 (2022-10-28 18:30:00),FEB-23 (2022-12-28 19:30:00),OCT-22 (2022-08-30 18:30:00)
2022-08-30 20:06:56,NOV-22 (2022-09-29 18:30:00),JAN-23 (2022-11-29 18:30:00),DEC-22 (2022-10-28 18:30:00),FEB-23 (2022-12-28 19:30:00),MAR-23 (2023-01-30 19:30:00)
2022-09-29 20:06:54,APR-23 (2023-02-27 19:30:00),JAN-23 (2022-11-29 18:30:00),DEC-22 (2022-10-28 18:30:00),FEB-23 (2022-12-28 19:30:00),MAR-23 (2023-01-30 19:30:00)
2022-10-28 20:06:53,APR-23 (2023-02-27 19:30:00),JAN-23 (2022-11-29 18:30:00),MAY-23 (2023-03-30 18:30:00),FEB-23 (2022-12-28 19:30:00),MAR-23 (2023-01-30 19:30:00)
2022-11-29 20:06:55,APR-23 (2023-02-27 19:30:00),JUN-23 (2023-04-27 17:30:00),MAY-23 (2023-03-30 18:30:00),FEB-23 (2022-12-28 19:30:00),MAR-23 (2023-01-30 19:30:00)
2022-12-28 20:06:55,APR-23 (2023-02-27 19:30:00),JUN-23 (2023-04-27 17:30:00),MAY-23 (2023-03-30 18:30:00),JUL-23 (2023-05-30 18:30:00),MAR-23 (2023-01-30 19:30:00)
2023-01-31 20:06:55,APR-23 (2023-02-27 19:30:00),JUN-23 (2023-04-27 17:30:00),MAY-23 (2023-03-30 18:30:00),JUL-23 (2023-05-30 18:30:00),AUG-23 (2023-06-29 18:30:00)
