Date,Month1,Month2,Month3,Month4,Month5,Month6,Month7
2021-05-25 21:16:38,DEC-21 (2021-12-07 16:50:00),MAR-22 (2022-03-07 16:50:00),MAY-22 (2022-05-06 15:50:00),SEP-22 (2022-09-07 15:50:00),JUL-21 (2021-07-07 15:50:00),SEP-21 (2021-09-07 15:50:00),JUL-22 (2022-07-07 15:50:00)
2021-07-08 05:27:38,DEC-21 (2021-12-07 16:50:00),MAR-22 (2022-03-07 16:50:00),MAY-22 (2022-05-06 15:50:00),SEP-22 (2022-09-07 15:50:00),DEC-22 (2022-12-07 16:50:00),SEP-21 (2021-09-07 15:50:00),JUL-22 (2022-07-07 15:50:00)
2021-09-08 05:28:50,DEC-21 (2021-12-07 16:50:00),MAR-22 (2022-03-07 16:50:00),MAY-22 (2022-05-06 15:50:00),SEP-22 (2022-09-07 15:50:00),DEC-22 (2022-12-07 16:50:00),MAR-23 (2023-03-07 16:50:00),JUL-22 (2022-07-07 15:50:00)
2021-12-08 05:24:09,MAY-23 (2023-05-05 15:50:00),MAR-22 (2022-03-07 16:50:00),MAY-22 (2022-05-06 15:50:00),SEP-22 (2022-09-07 15:50:00),DEC-22 (2022-12-07 16:50:00),MAR-23 (2023-03-07 16:50:00),JUL-22 (2022-07-07 15:50:00)
2021-12-30 05:21:30,MAY-23 (2023-05-05 15:50:00),MAR-22 (2022-03-07 16:50:00),MAY-22 (2022-05-09 15:50:00),SEP-22 (2022-09-07 15:50:00),DEC-22 (2022-12-07 16:50:00),MAR-23 (2023-03-07 16:50:00),JUL-22 (2022-07-07 15:50:00)
2022-03-07 20:06:55,MAY-23 (2023-05-05 15:50:00),JUL-23 (2023-07-07 15:50:00),MAY-22 (2022-05-09 15:50:00),SEP-22 (2022-09-07 15:50:00),DEC-22 (2022-12-07 16:50:00),MAR-23 (2023-03-07 16:50:00),JUL-22 (2022-07-07 15:50:00)
2022-05-09 20:06:55,MAY-23 (2023-05-05 15:50:00),JUL-23 (2023-07-07 15:50:00),SEP-23 (2023-09-07 15:50:00),SEP-22 (2022-09-07 15:50:00),DEC-22 (2022-12-07 16:50:00),MAR-23 (2023-03-07 16:50:00),JUL-22 (2022-07-07 15:50:00)
2022-07-07 20:06:55,MAY-23 (2023-05-05 15:50:00),JUL-23 (2023-07-07 15:50:00),SEP-23 (2023-09-07 15:50:00),SEP-22 (2022-09-07 15:50:00),DEC-22 (2022-12-07 16:50:00),MAR-23 (2023-03-07 16:50:00),JUN-22 (2022-06-09 15:50:00)
2022-07-15 20:06:54,MAY-23 (2023-05-05 15:50:00),JUL-23 (2023-07-07 15:50:00),SEP-23 (2023-09-07 15:50:00),SEP-22 (2022-09-07 15:50:00),DEC-22 (2022-12-07 16:50:00),MAR-23 (2023-03-07 16:50:00),JUN-22 (2022-06-01 15:50:00)
2022-08-18 20:06:56,MAY-23 (2023-05-05 15:50:00),JUL-23 (2023-07-07 15:50:00),SEP-23 (2023-09-07 15:50:00),SEP-22 (2022-09-07 15:50:00),DEC-22 (2022-12-07 16:50:00),MAR-23 (2023-03-07 16:50:00),DEC-23 (2023-12-07 16:50:00)
2022-09-07 20:06:55,MAY-23 (2023-05-05 15:50:00),JUL-23 (2023-07-07 15:50:00),SEP-23 (2023-09-07 15:50:00),MAR-24 (2024-03-07 16:50:00),DEC-22 (2022-12-07 16:50:00),MAR-23 (2023-03-07 16:50:00),DEC-23 (2023-12-07 16:50:00)
2022-12-07 20:06:55,MAY-23 (2023-05-05 15:50:00),JUL-23 (2023-07-07 15:50:00),SEP-23 (2023-09-07 15:50:00),MAR-24 (2024-03-07 16:50:00),MAY-24 (2024-05-07 15:50:00),MAR-23 (2023-03-07 16:50:00),DEC-23 (2023-12-07 16:50:00)
