Date,Month1,Month2
2022-03-21 11:50:25,APR-22 (2022-04-14 14:15:00),MAY-22 (2022-05-20 14:15:00)
2022-04-14 20:06:51,JUN-22 (2022-06-17 14:15:00),MAY-22 (2022-05-20 14:15:00)
2022-05-20 20:06:56,JUN-22 (2022-06-17 14:15:00),JUL-22 (2022-07-15 14:15:00)
2022-06-21 20:06:55,AUG-22 (2022-08-19 14:15:00),JUL-22 (2022-07-15 14:15:00)
2022-07-15 20:06:54,AUG-22 (2022-08-19 14:15:00),SEP-22 (2022-09-16 14:15:00)
2022-08-19 20:07:04,OCT-22 (2022-10-21 14:15:00),SEP-22 (2022-09-16 14:15:00)
2022-09-16 20:06:56,OCT-22 (2022-10-21 14:15:00),NOV-22 (2022-11-18 15:15:00)
2022-10-21 20:06:55,DEC-22 (2022-12-16 15:15:00),NOV-22 (2022-11-18 15:15:00)
2022-11-18 20:06:56,DEC-22 (2022-12-16 15:15:00),JAN-23 (2023-01-20 15:15:00)
