Date,Month1,Month2,Month3
2021-05-25 21:16:38,SEP-21 (2021-08-25 16:30:00),NOV-21 (2021-10-26 16:30:00),JUL-21 (2021-06-25 16:30:00)
2021-06-26 05:28:42,SEP-21 (2021-08-25 16:30:00),NOV-21 (2021-10-26 16:30:00),JAN-22 (2021-12-24 17:30:00)
2021-08-26 05:22:43,MAR-22 (2022-02-23 17:30:00),NOV-21 (2021-10-26 16:30:00),JAN-22 (2021-12-24 17:30:00)
2021-10-27 10:37:44,MAR-22 (2022-02-23 17:30:00),MAY-22 (2022-04-26 16:30:00),JAN-22 (2021-12-24 17:30:00)
2021-12-25 05:21:28,MAR-22 (2022-02-23 17:30:00),MAY-22 (2022-04-26 16:30:00),JUL-22 (2022-06-27 16:30:00)
2022-02-17 20:06:55,MAR-22 (2022-02-23 17:30:00),MAY-22 (2022-04-25 16:30:00),JUL-22 (2022-06-27 16:30:00)
2022-02-23 20:06:57,SEP-22 (2022-08-25 16:30:00),MAY-22 (2022-04-25 16:30:00),JUL-22 (2022-06-27 16:30:00)
2022-04-19 20:06:57,SEP-22 (2022-08-25 16:30:00),MAY-22 (2022-04-25 16:30:00),JUL-22 (2022-06-24 16:30:00)
2022-04-25 20:06:55,SEP-22 (2022-08-25 16:30:00),NOV-22 (2022-04-25 16:30:00),JUL-22 (2022-06-24 16:30:00)
2022-06-21 20:06:55,SEP-22 (2022-08-24 16:30:00),NOV-22 (2022-10-26 16:30:00),JUL-22 (2022-06-24 16:30:00)
2022-06-24 20:06:55,SEP-22 (2022-08-24 16:30:00),NOV-22 (2022-10-26 16:30:00),JAN-23 (2022-12-23 17:30:00)
2022-08-18 20:06:56,SEP-22 (2022-08-24 16:30:00),NOV-22 (2022-10-25 16:30:00),JAN-23 (2022-12-23 17:30:00)
2022-08-24 20:06:56,MAR-23 (2023-02-23 17:30:00),NOV-22 (2022-10-25 16:30:00),JAN-23 (2022-12-23 17:30:00)
2022-10-26 20:06:55,MAR-23 (2023-02-23 17:30:00),MAY-23 (2022-10-25 16:30:00),JAN-23 (2022-12-23 17:30:00)
2022-11-23 20:06:55,MAR-23 (2023-02-23 17:30:00),MAY-23 (2023-04-25 16:30:00),JAN-23 (2022-12-23 17:30:00)
2022-12-23 20:06:55,MAR-23 (2023-02-23 17:30:00),MAY-23 (2023-04-25 16:30:00),JUL-23 (2023-06-27 16:30:00)
