Date,Month1,Month2,Month3,Month4,Month5,Month6
2021-05-25 21:16:38,OCT-21 (2021-09-09 15:55:00),DEC-21 (2021-11-05 16:55:00),MAR-22 (2022-02-10 16:55:00),MAY-22 (2022-04-14 15:55:00),AUG-22 (2022-07-14 15:55:00),AUG-21 (2021-07-08 15:55:00)
2021-07-09 05:27:29,OCT-21 (2021-09-09 15:55:00),DEC-21 (2021-11-05 16:55:00),MAR-22 (2022-02-10 16:55:00),MAY-22 (2022-04-14 15:55:00),AUG-22 (2022-07-14 15:55:00),OCT-22 (2022-09-08 15:55:00)
2021-09-10 05:28:50,DEC-22 (2022-11-10 16:55:00),DEC-21 (2021-11-05 16:55:00),MAR-22 (2022-02-10 16:55:00),MAY-22 (2022-04-14 15:55:00),AUG-22 (2022-07-14 15:55:00),OCT-22 (2022-09-08 15:55:00)
2021-10-30 05:27:31,DEC-22 (2022-11-10 15:55:00),DEC-21 (2021-11-05 15:55:00),MAR-22 (2022-02-10 15:55:00),MAY-22 (2022-04-14 14:55:00),AUG-22 (2022-07-14 14:55:00),OCT-22 (2022-09-08 14:55:00)
2021-11-06 05:28:37,DEC-22 (2022-11-10 16:55:00),MAR-23 (2023-02-03 16:55:00),MAR-22 (2022-02-10 16:55:00),MAY-22 (2022-04-14 15:55:00),AUG-22 (2022-07-14 15:55:00),OCT-22 (2022-09-08 15:55:00)
2022-02-10 20:06:54,DEC-22 (2022-11-10 16:55:00),MAR-23 (2023-02-03 16:55:00),MAY-23 (2023-04-13 15:55:00),MAY-22 (2022-04-14 15:55:00),AUG-22 (2022-07-14 15:55:00),OCT-22 (2022-09-08 15:55:00)
2022-04-14 20:06:51,DEC-22 (2022-11-10 16:55:00),MAR-23 (2023-02-03 16:55:00),MAY-23 (2023-04-13 15:55:00),AUG-23 (2023-07-13 15:55:00),AUG-22 (2022-07-14 15:55:00),OCT-22 (2022-09-08 15:55:00)
2022-07-14 20:06:55,DEC-22 (2022-11-10 16:55:00),MAR-23 (2023-02-03 16:55:00),MAY-23 (2023-04-13 15:55:00),AUG-23 (2023-07-13 15:55:00),OCT-23 (2023-09-14 15:55:00),OCT-22 (2022-09-08 15:55:00)
2022-09-08 20:06:55,DEC-22 (2022-11-10 16:55:00),MAR-23 (2023-02-03 16:55:00),MAY-23 (2023-04-13 15:55:00),AUG-23 (2023-07-13 15:55:00),OCT-23 (2023-09-14 15:55:00),DEC-23 (2023-11-09 16:55:00)
2022-11-07 20:06:54,DEC-22 (2022-11-10 17:55:00),MAR-23 (2023-02-03 17:55:00),MAY-23 (2023-04-13 16:55:00),AUG-23 (2023-07-13 16:55:00),OCT-23 (2023-09-14 16:55:00),DEC-23 (2023-11-09 17:55:00)
2022-11-10 20:06:55,MAR-24 (2024-02-08 17:55:00),MAR-23 (2023-02-03 17:55:00),MAY-23 (2023-04-13 16:55:00),AUG-23 (2023-07-13 16:55:00),OCT-23 (2023-09-14 16:55:00),DEC-23 (2023-11-09 17:55:00)
