Date,MONTH1,MONTH2
2022-03-21 11:50:25,APR-22 (2022-04-13 07:00:00),MAY-22 (2022-05-20 07:00:00)
2022-04-14 20:06:51,JUN-22 (2022-04-13 07:00:00),MAY-22 (2022-05-20 07:00:00)
2022-04-21 20:06:56,JUN-22 (2022-06-17 07:00:00),MAY-22 (2022-05-20 07:00:00)
2022-05-20 20:06:56,JUN-22 (2022-06-17 07:00:00),JUL-22 (2022-07-15 07:00:00)
2022-06-21 20:06:55,AUG-22 (2022-06-17 07:00:00),JUL-22 (2022-07-15 07:00:00)
2022-07-11 20:06:54,AUG-22 (2022-08-19 07:00:00),JUL-22 (2022-07-15 07:00:00)
2022-07-15 20:06:54,AUG-22 (2022-08-19 07:00:00),SEP-22 (2022-09-16 07:00:00)
2022-08-19 20:07:04,OCT-22 (2022-10-21 07:00:00),SEP-22 (2022-09-16 07:00:00)
2022-09-16 20:06:56,OCT-22 (2022-10-21 07:00:00),NOV-22 (2022-11-18 08:00:00)
2022-10-21 20:06:55,DEC-22 (2022-12-16 08:00:00),NOV-22 (2022-11-18 08:00:00)
2022-11-18 20:06:56,DEC-22 (2022-12-16 08:00:00),JAN-23 (2023-01-20 08:00:00)
