DATETIME,PRICE,FORWARD,CARRY,PRICE_CONTRACT,FORWARD_CONTRACT,CARRY_CONTRACT
2017-12-26,15940.0,16035.0,16035.0,20180200,20180300,20180300
2017-12-27,14805.0,14940.0,14940.0,20180200,20180300,20180300
2017-12-28,13865.0,13970.0,13970.0,20180200,20180300,20180300
2017-12-29,14490.0,14535.0,14535.0,20180200,20180300,20180300
2018-01-02,14935.0,15060.0,15060.0,20180200,20180300,20180300
2018-01-03,15030.0,15110.0,15110.0,20180200,20180300,20180300
2018-01-04,14955.0,15050.0,15050.0,20180200,20180300,20180300
2018-01-05,16580.0,16660.0,16660.0,20180200,20180300,20180300
2018-01-08,14945.0,15030.0,15030.0,20180200,20180300,20180300
2018-01-09,14770.0,14855.0,14855.0,20180200,20180300,20180300
2018-01-10,14460.0,14530.0,14530.0,20180200,20180300,20180300
2018-01-11,13390.0,13425.0,13425.0,20180200,20180300,20180300
2018-01-12,13970.0,13975.0,13975.0,20180200,20180300,20180300
2018-01-16,11210.0,11220.0,11220.0,20180200,20180300,20180300
2018-01-17,11010.0,11040.0,11040.0,20180200,20180300,20180300
2018-01-18,11870.0,11895.0,11895.0,20180200,20180300,20180300
2018-01-19,11430.0,11485.0,11485.0,20180200,20180300,20180300
2018-01-22,10390.0,10425.0,10425.0,20180200,20180300,20180300
2018-01-23,11130.0,11185.0,11185.0,20180200,20180300,20180300
2018-01-24,11155.0,11195.0,11195.0,20180200,20180300,20180300
2018-01-25,11250.0,11305.0,11305.0,20180300,20180400,20180400
2018-01-26,10985.0,10980.0,10980.0,20180300,20180400,20180400
2018-01-29,11215.0,11255.0,11255.0,20180300,20180400,20180400
2018-01-30,9990.0,10030.0,10030.0,20180300,20180400,20180400
2018-01-31,10010.0,10045.0,10045.0,20180300,20180400,20180400
2018-02-01,9085.0,9120.0,9120.0,20180300,20180400,20180400
2018-02-02,8580.0,8585.0,8585.0,20180300,20180400,20180400
2018-02-05,7230.0,7235.0,7235.0,20180300,20180400,20180400
2018-02-06,7540.0,7555.0,7555.0,20180300,20180400,20180400
2018-02-07,8205.0,8220.0,8220.0,20180300,20180400,20180400
2018-02-08,8315.0,8325.0,8325.0,20180300,20180400,20180400
2018-02-09,8600.0,8610.0,8610.0,20180300,20180400,20180400
2018-02-12,8885.0,8905.0,8905.0,20180300,20180400,20180400
2018-02-13,8730.0,8745.0,8745.0,20180300,20180400,20180400
2018-02-14,9350.0,9370.0,9370.0,20180300,20180400,20180400
2018-02-15,10135.0,10150.0,10150.0,20180300,20180400,20180400
2018-02-16,10070.0,10085.0,10085.0,20180300,20180400,20180400
2018-02-20,11750.0,11780.0,11780.0,20180300,20180400,20180400
2018-02-21,10370.0,10400.0,10400.0,20180300,20180400,20180400
2018-02-22,10120.0,,,20180400,20180500,20180500
2018-02-23,10000.0,10010.0,10010.0,20180400,20180500,20180500
2018-02-26,10275.0,10290.0,10290.0,20180400,20180500,20180500
2018-02-27,10670.0,10695.0,10695.0,20180400,20180500,20180500
2018-02-28,10665.0,10690.0,10690.0,20180400,20180500,20180500
2018-03-01,11080.0,11105.0,11105.0,20180400,20180500,20180500
2018-03-02,11085.0,11110.0,11110.0,20180400,20180500,20180500
2018-03-05,11650.0,11675.0,11675.0,20180400,20180500,20180500
2018-03-06,10665.0,10690.0,10690.0,20180400,20180500,20180500
2018-03-07,9805.0,9830.0,9830.0,20180400,20180500,20180500
2018-03-08,9420.0,9445.0,9445.0,20180400,20180500,20180500
2018-03-09,9030.0,9055.0,9055.0,20180400,20180500,20180500
2018-03-12,8930.0,8955.0,8955.0,20180400,20180500,20180500
2018-03-13,9080.0,9105.0,9105.0,20180400,20180500,20180500
2018-03-14,8285.0,8315.0,8315.0,20180400,20180500,20180500
2018-03-15,8255.0,8275.0,8275.0,20180400,20180500,20180500
2018-03-16,8580.0,8585.0,8585.0,20180400,20180500,20180500
2018-03-19,8415.0,8425.0,8425.0,20180400,20180500,20180500
2018-03-20,8950.0,8965.0,8965.0,20180400,20180500,20180500
2018-03-21,8900.0,8910.0,8910.0,20180400,20180500,20180500
2018-03-22,8630.0,8645.0,8645.0,20180400,20180500,20180500
2018-03-23,8625.0,8650.0,8650.0,20180400,20180500,20180500
2018-03-26,7935.0,7935.0,7935.0,20180500,20180600,20180600
2018-03-27,7915.0,7920.0,7920.0,20180500,20180600,20180600
2018-03-28,7900.0,7910.0,7910.0,20180500,20180600,20180600
2018-03-29,7335.0,7350.0,7350.0,20180500,20180600,20180600
2018-04-02,6990.0,6995.0,6995.0,20180500,20180600,20180600
2018-04-03,7460.0,7475.0,7475.0,20180500,20180600,20180600
2018-04-04,6865.0,6875.0,6875.0,20180500,20180600,20180600
2018-04-05,6760.0,6765.0,6765.0,20180500,20180600,20180600
2018-04-06,6620.0,6630.0,6630.0,20180500,20180600,20180600
2018-04-09,6670.0,6680.0,6680.0,20180500,20180600,20180600
2018-04-10,6840.0,6845.0,6845.0,20180500,20180600,20180600
2018-04-11,6915.0,6920.0,6920.0,20180500,20180600,20180600
2018-04-12,7680.0,7690.0,7690.0,20180500,20180600,20180600
2018-04-13,8110.0,8115.0,8115.0,20180500,20180600,20180600
2018-04-16,7980.0,7980.0,7980.0,20180500,20180600,20180600
2018-04-17,7885.0,7880.0,7880.0,20180500,20180600,20180600
2018-04-18,8125.0,8130.0,8130.0,20180500,20180600,20180600
2018-04-19,8260.0,8260.0,8260.0,20180500,20180600,20180600
2018-04-20,8530.0,8530.0,8530.0,20180500,20180600,20180600
2018-04-23,8860.0,8860.0,8860.0,20180500,20180600,20180600
2018-04-24,9475.0,,,20180600,20180700,20180700
2018-04-25,9010.0,,,20180600,20180700,20180700
2018-04-26,8905.0,,,20180600,20180700,20180700
2018-04-27,9095.0,,,20180600,20180700,20180700
2018-04-30,9365.0,9390.0,9390.0,20180600,20180700,20180700
2018-05-01,8990.0,8995.0,8995.0,20180600,20180700,20180700
2018-05-02,9160.0,9165.0,9165.0,20180600,20180700,20180700
2018-05-03,9685.0,9720.0,9720.0,20180600,20180700,20180700
2018-05-04,9690.0,9715.0,9715.0,20180600,20180700,20180700
2018-05-07,9470.0,9520.0,9520.0,20180600,20180700,20180700
2018-05-08,9260.0,9285.0,9285.0,20180600,20180700,20180700
2018-05-09,9300.0,9345.0,9345.0,20180600,20180700,20180700
2018-05-10,9110.0,9145.0,9145.0,20180600,20180700,20180700
2018-05-11,8650.0,8675.0,8675.0,20180600,20180700,20180700
2018-05-14,8780.0,8805.0,8805.0,20180600,20180700,20180700
2018-05-15,8580.0,8610.0,8610.0,20180600,20180700,20180700
2018-05-16,8300.0,8330.0,8330.0,20180600,20180700,20180700
2018-05-17,8200.0,8225.0,8225.0,20180600,20180700,20180700
2018-05-18,8250.0,8275.0,8275.0,20180600,20180700,20180700
2018-05-21,8390.0,8415.0,8415.0,20180600,20180700,20180700
2018-05-22,8185.0,8210.0,8210.0,20180600,20180700,20180700
2018-05-23,7600.0,7625.0,7625.0,20180600,20180700,20180700
2018-05-24,7600.0,7620.0,7620.0,20180600,20180700,20180700
2018-05-25,7465.0,,,20180700,20180800,20180800
2018-05-29,7515.0,7540.0,7540.0,20180700,20180800,20180800
2018-05-30,7340.0,7365.0,7365.0,20180700,20180800,20180800
2018-05-31,7565.0,7580.0,7580.0,20180700,20180800,20180800
2018-06-01,7460.0,7475.0,7475.0,20180700,20180800,20180800
2018-06-04,7515.0,7530.0,7530.0,20180700,20180800,20180800
2018-06-05,7645.0,7660.0,7660.0,20180700,20180800,20180800
2018-06-06,7550.0,7565.0,7565.0,20180700,20180800,20180800
2018-06-07,7720.0,7735.0,7735.0,20180700,20180800,20180800
2018-06-08,7675.0,7690.0,7690.0,20180700,20180800,20180800
2018-06-11,6775.0,6790.0,6790.0,20180700,20180800,20180800
2018-06-12,6525.0,6540.0,6540.0,20180700,20180800,20180800
2018-06-13,6295.0,6310.0,6310.0,20180700,20180800,20180800
2018-06-14,6650.0,6665.0,6665.0,20180700,20180800,20180800
2018-06-15,6555.0,6570.0,6570.0,20180700,20180800,20180800
2018-06-18,6710.0,6725.0,6725.0,20180700,20180800,20180800
2018-06-19,6755.0,6770.0,6770.0,20180700,20180800,20180800
2018-06-20,6765.0,6780.0,6780.0,20180700,20180800,20180800
2018-06-21,6730.0,6745.0,6745.0,20180700,20180800,20180800
2018-06-22,6180.0,6195.0,6195.0,20180700,20180800,20180800
2018-06-25,6260.0,6280.0,6280.0,20180800,20180900,20180900
2018-06-26,6170.0,6175.0,6175.0,20180800,20180900,20180900
2018-06-27,6140.0,6150.0,6150.0,20180800,20180900,20180900
2018-06-28,6075.0,6085.0,6085.0,20180800,20180900,20180900
2018-06-29,5880.0,5880.0,5880.0,20180800,20180900,20180900
2018-07-02,6630.0,6635.0,6635.0,20180800,20180900,20180900
2018-07-03,6590.0,6590.0,6590.0,20180800,20180900,20180900
2018-07-05,6515.0,6520.0,6520.0,20180800,20180900,20180900
2018-07-06,6570.0,6575.0,6575.0,20180800,20180900,20180900
2018-07-09,6700.0,6710.0,6710.0,20180800,20180900,20180900
2018-07-10,6365.0,6370.0,6370.0,20180800,20180900,20180900
2018-07-11,6335.0,6345.0,6345.0,20180800,20180900,20180900
2018-07-12,6165.0,6165.0,6165.0,20180800,20180900,20180900
2018-07-13,6165.0,6175.0,6175.0,20180800,20180900,20180900
2018-07-16,6675.0,6680.0,6680.0,20180800,20180900,20180900
2018-07-17,7315.0,7325.0,7325.0,20180800,20180900,20180900
2018-07-18,7405.0,7415.0,7415.0,20180800,20180900,20180900
2018-07-19,7465.0,7480.0,7480.0,20180800,20180900,20180900
2018-07-20,7350.0,7365.0,7365.0,20180800,20180900,20180900
2018-07-23,7755.0,7790.0,7790.0,20180800,20180900,20180900
2018-07-24,8265.0,8290.0,8290.0,20180800,20180900,20180900
2018-07-25,8160.0,,,20180900,20181000,20181000
2018-07-26,8285.0,,,20180900,20181000,20181000
2018-07-27,8215.0,,,20180900,20181000,20181000
2018-07-30,8100.0,8145.0,8145.0,20180900,20181000,20181000
2018-07-31,7725.0,7745.0,7745.0,20180900,20181000,20181000
2018-08-01,7540.0,7560.0,7560.0,20180900,20181000,20181000
2018-08-02,7525.0,7540.0,7540.0,20180900,20181000,20181000
2018-08-03,7365.0,7375.0,7375.0,20180900,20181000,20181000
2018-08-06,6925.0,6940.0,6940.0,20180900,20181000,20181000
2018-08-07,6975.0,6985.0,6985.0,20180900,20181000,20181000
2018-08-08,6330.0,6325.0,6325.0,20180900,20181000,20181000
2018-08-09,6465.0,6460.0,6460.0,20180900,20181000,20181000
2018-08-10,6395.0,6390.0,6390.0,20180900,20181000,20181000
2018-08-13,6230.0,6230.0,6230.0,20180900,20181000,20181000
2018-08-14,6075.0,6070.0,6070.0,20180900,20181000,20181000
2018-08-15,6370.0,6370.0,6370.0,20180900,20181000,20181000
2018-08-16,6410.0,6405.0,6405.0,20180900,20181000,20181000
2018-08-17,6480.0,6480.0,6480.0,20180900,20181000,20181000
2018-08-20,6430.0,6430.0,6430.0,20180900,20181000,20181000
2018-08-21,6420.0,6420.0,6420.0,20180900,20181000,20181000
2018-08-22,6405.0,6410.0,6410.0,20180900,20181000,20181000
2018-08-23,6395.0,6400.0,6400.0,20180900,20181000,20181000
2018-08-24,6595.0,6600.0,6600.0,20180900,20181000,20181000
2018-08-27,6730.0,,,20181000,20181100,20181100
2018-08-28,7090.0,,,20181000,20181100,20181100
2018-08-29,7000.0,,,20181000,20181100,20181100
2018-08-30,6815.0,,,20181000,20181100,20181100
2018-08-31,7040.0,,,20181000,20181100,20181100
2018-09-04,7355.0,7355.0,7355.0,20181000,20181100,20181100
2018-09-05,6905.0,6905.0,6905.0,20181000,20181100,20181100
2018-09-06,6430.0,6430.0,6430.0,20181000,20181100,20181100
2018-09-07,6385.0,6390.0,6390.0,20181000,20181100,20181100
2018-09-10,6260.0,6265.0,6265.0,20181000,20181100,20181100
2018-09-11,6230.0,6235.0,6235.0,20181000,20181100,20181100
2018-09-12,6285.0,6280.0,6280.0,20181000,20181100,20181100
2018-09-13,6430.0,6430.0,6430.0,20181000,20181100,20181100
2018-09-14,6525.0,6520.0,6520.0,20181000,20181100,20181100
2018-09-17,6230.0,6230.0,6230.0,20181000,20181100,20181100
2018-09-18,6275.0,6265.0,6265.0,20181000,20181100,20181100
2018-09-19,6375.0,6380.0,6380.0,20181000,20181100,20181100
2018-09-20,6395.0,6395.0,6395.0,20181000,20181100,20181100
2018-09-21,6735.0,6735.0,6735.0,20181000,20181100,20181100
2018-09-24,6610.0,6600.0,6600.0,20181000,20181100,20181100
2018-09-25,6340.0,6330.0,6330.0,20181100,20181200,20181200
2018-09-26,6470.0,6455.0,6455.0,20181100,20181200,20181200
2018-09-27,6645.0,6625.0,6625.0,20181100,20181200,20181200
2018-09-28,6660.0,6655.0,6655.0,20181100,20181200,20181200
2018-10-01,6535.0,6535.0,6535.0,20181100,20181200,20181200
2018-10-02,6510.0,6505.0,6505.0,20181100,20181200,20181200
2018-10-03,6420.0,6410.0,6410.0,20181100,20181200,20181200
2018-10-04,6555.0,6555.0,6555.0,20181100,20181200,20181200
2018-10-05,6535.0,6540.0,6540.0,20181100,20181200,20181200
2018-10-08,6625.0,6630.0,6630.0,20181100,20181200,20181200
2018-10-09,6580.0,6580.0,6580.0,20181100,20181200,20181200
2018-10-10,6540.0,6535.0,6535.0,20181100,20181200,20181200
2018-10-11,6175.0,6165.0,6165.0,20181100,20181200,20181200
2018-10-12,6180.0,6175.0,6175.0,20181100,20181200,20181200
2018-10-15,6375.0,6380.0,6380.0,20181100,20181200,20181200
2018-10-16,6420.0,6420.0,6420.0,20181100,20181200,20181200
2018-10-17,6420.0,6420.0,6420.0,20181100,20181200,20181200
2018-10-18,6385.0,6385.0,6385.0,20181100,20181200,20181200
2018-10-19,6380.0,6380.0,6380.0,20181100,20181200,20181200
2018-10-22,6390.0,6385.0,6385.0,20181100,20181200,20181200
2018-10-23,6390.0,6395.0,6395.0,20181100,20181200,20181200
2018-10-24,6415.0,6415.0,6415.0,20181100,20181200,20181200
2018-10-25,6400.0,,,20181200,20190100,20190100
2018-10-26,6390.0,,,20181200,20190100,20190100
2018-10-29,6235.0,6245.0,6245.0,20181200,20190100,20190100
2018-10-30,6245.0,6250.0,6250.0,20181200,20190100,20190100
2018-10-31,6290.0,6310.0,6310.0,20181200,20190100,20190100
2018-11-01,6305.0,6300.0,6300.0,20181200,20190100,20190100
2018-11-02,6345.0,6340.0,6340.0,20181200,20190100,20190100
2018-11-05,6385.0,6380.0,6380.0,20181200,20190100,20190100
2018-11-06,6410.0,6415.0,6415.0,20181200,20190100,20190100
2018-11-07,6500.0,6495.0,6495.0,20181200,20190100,20190100
2018-11-08,6410.0,6400.0,6400.0,20181200,20190100,20190100
2018-11-09,6330.0,6335.0,6335.0,20181200,20190100,20190100
2018-11-12,6320.0,6320.0,6320.0,20181200,20190100,20190100
2018-11-13,6280.0,6290.0,6290.0,20181200,20190100,20190100
2018-11-14,5355.0,5365.0,5365.0,20181200,20190100,20190100
2018-11-15,5405.0,5415.0,5415.0,20181200,20190100,20190100
2018-11-16,5425.0,5420.0,5420.0,20181200,20190100,20190100
2018-11-19,4815.0,4830.0,4830.0,20181200,20190100,20190100
2018-11-20,4225.0,4240.0,4240.0,20181200,20190100,20190100
2018-11-21,4375.0,4380.0,4380.0,20181200,20190100,20190100
2018-11-23,4175.0,4190.0,4190.0,20181200,20190100,20190100
2018-11-26,3600.0,,,20190100,20190200,20190200
2018-11-27,3700.0,,,20190100,20190200,20190200
2018-11-28,4275.0,,,20190100,20190200,20190200
2018-11-29,4160.0,,,20190100,20190200,20190200
2018-11-30,3925.0,,,20190100,20190200,20190200
2018-12-03,3795.0,3785.0,3785.0,20190100,20190200,20190200
2018-12-04,3830.0,3835.0,3835.0,20190100,20190200,20190200
2018-12-05,3695.0,3700.0,3700.0,20190100,20190200,20190200
2018-12-06,3590.0,3595.0,3595.0,20190100,20190200,20190200
2018-12-07,3280.0,3285.0,3285.0,20190100,20190200,20190200
2018-12-10,3360.0,3355.0,3355.0,20190100,20190200,20190200
2018-12-11,3310.0,3305.0,3305.0,20190100,20190200,20190200
2018-12-12,3410.0,3400.0,3400.0,20190100,20190200,20190200
2018-12-13,3210.0,3200.0,3200.0,20190100,20190200,20190200
2018-12-14,3135.0,3120.0,3120.0,20190100,20190200,20190200
2018-12-17,3530.0,3510.0,3510.0,20190100,20190200,20190200
2018-12-18,3490.0,3470.0,3470.0,20190100,20190200,20190200
2018-12-19,3685.0,3665.0,3665.0,20190100,20190200,20190200
2018-12-20,3870.0,3840.0,3840.0,20190100,20190200,20190200
2018-12-21,3765.0,3735.0,3735.0,20190100,20190200,20190200
2018-12-24,4060.0,4025.0,4025.0,20190100,20190200,20190200
2018-12-26,3720.0,3715.0,3715.0,20190200,20190300,20190300
2018-12-27,3520.0,3510.0,3510.0,20190200,20190300,20190300
2018-12-28,3845.0,3840.0,3840.0,20190200,20190300,20190300
2018-12-31,3635.0,3635.0,3635.0,20190200,20190300,20190300
2019-01-02,3815.0,3810.0,3810.0,20190200,20190300,20190300
2019-01-03,3745.0,3735.0,3735.0,20190200,20190300,20190300
2019-01-04,3730.0,3725.0,3725.0,20190200,20190300,20190300
2019-01-07,3970.0,3960.0,3960.0,20190200,20190300,20190300
2019-01-08,3975.0,3965.0,3965.0,20190200,20190300,20190300
2019-01-09,3980.0,3970.0,3970.0,20190200,20190300,20190300
2019-01-10,3595.0,3580.0,3580.0,20190200,20190300,20190300
2019-01-11,3620.0,3600.0,3600.0,20190200,20190300,20190300
2019-01-14,3645.0,3620.0,3620.0,20190200,20190300,20190300
2019-01-15,3530.0,3510.0,3510.0,20190200,20190300,20190300
2019-01-16,3545.0,3525.0,3525.0,20190200,20190300,20190300
2019-01-17,3590.0,3570.0,3570.0,20190200,20190300,20190300
2019-01-18,3560.0,3545.0,3545.0,20190200,20190300,20190300
2019-01-22,3560.0,3540.0,3540.0,20190200,20190300,20190300
2019-01-23,3505.0,3500.0,3500.0,20190200,20190300,20190300
2019-01-24,3520.0,3520.0,3520.0,20190200,20190300,20190300
2019-01-25,3495.0,,,20190300,20190400,20190400
2019-01-28,3365.0,3350.0,3350.0,20190300,20190400,20190400
2019-01-29,3355.0,3340.0,3340.0,20190300,20190400,20190400
2019-01-30,3395.0,3375.0,3375.0,20190300,20190400,20190400
2019-01-31,3385.0,3360.0,3360.0,20190300,20190400,20190400
2019-02-01,3415.0,3390.0,3390.0,20190300,20190400,20190400
2019-02-04,3380.0,3365.0,3365.0,20190300,20190400,20190400
2019-02-05,3390.0,3370.0,3370.0,20190300,20190400,20190400
2019-02-06,3325.0,3315.0,3315.0,20190300,20190400,20190400
2019-02-07,3330.0,3315.0,3315.0,20190300,20190400,20190400
2019-02-08,3605.0,3590.0,3590.0,20190300,20190400,20190400
2019-02-11,3595.0,3580.0,3580.0,20190300,20190400,20190400
2019-02-12,3595.0,3585.0,3585.0,20190300,20190400,20190400
2019-02-13,3555.0,3550.0,3550.0,20190300,20190400,20190400
2019-02-14,3555.0,3545.0,3545.0,20190300,20190400,20190400
2019-02-15,3555.0,3550.0,3550.0,20190300,20190400,20190400
2019-02-19,3935.0,3935.0,3935.0,20190300,20190400,20190400
2019-02-20,3940.0,3935.0,3935.0,20190300,20190400,20190400
2019-02-21,3900.0,3900.0,3900.0,20190300,20190400,20190400
2019-02-22,3930.0,,,20190400,20190500,20190500
2019-02-25,3810.0,3815.0,3815.0,20190400,20190500,20190500
2019-02-26,3775.0,3785.0,3785.0,20190400,20190500,20190500
2019-02-27,3705.0,3705.0,3705.0,20190400,20190500,20190500
2019-02-28,3785.0,3785.0,3785.0,20190400,20190500,20190500
2019-03-01,3820.0,3815.0,3815.0,20190400,20190500,20190500
2019-03-04,3695.0,3690.0,3690.0,20190400,20190500,20190500
2019-03-05,3830.0,3830.0,3830.0,20190400,20190500,20190500
2019-03-06,3840.0,3840.0,3840.0,20190400,20190500,20190500
2019-03-07,3865.0,3865.0,3865.0,20190400,20190500,20190500
2019-03-08,3890.0,3890.0,3890.0,20190400,20190500,20190500
2019-03-11,3835.0,3835.0,3835.0,20190400,20190500,20190500
2019-03-12,3835.0,3845.0,3845.0,20190400,20190500,20190500
2019-03-13,3835.0,3840.0,3840.0,20190400,20190500,20190500
2019-03-14,3840.0,3845.0,3845.0,20190400,20190500,20190500
2019-03-15,3900.0,3900.0,3900.0,20190400,20190500,20190500
2019-03-18,3960.0,3960.0,3960.0,20190400,20190500,20190500
2019-03-19,3990.0,3995.0,3995.0,20190400,20190500,20190500
2019-03-20,4010.0,4010.0,4010.0,20190400,20190500,20190500
2019-03-21,3960.0,3960.0,3960.0,20190400,20190500,20190500
2019-03-22,3980.0,3980.0,3980.0,20190400,20190500,20190500
2019-03-25,3890.0,3890.0,3890.0,20190400,20190500,20190500
2019-03-26,3905.0,3905.0,3905.0,20190500,20190600,20190600
2019-03-27,4005.0,4005.0,4005.0,20190500,20190600,20190600
2019-03-28,4005.0,4005.0,4005.0,20190500,20190600,20190600
2019-03-29,4075.0,4080.0,4080.0,20190500,20190600,20190600
2019-04-01,4125.0,4125.0,4125.0,20190500,20190600,20190600
2019-04-02,4770.0,4775.0,4775.0,20190500,20190600,20190600
2019-04-03,5140.0,5150.0,5150.0,20190500,20190600,20190600
2019-04-04,4835.0,4840.0,4840.0,20190500,20190600,20190600
2019-04-05,5015.0,5015.0,5015.0,20190500,20190600,20190600
2019-04-08,5210.0,5215.0,5215.0,20190500,20190600,20190600
2019-04-09,5220.0,5220.0,5220.0,20190500,20190600,20190600
2019-04-10,5415.0,5415.0,5415.0,20190500,20190600,20190600
2019-04-11,5080.0,5075.0,5075.0,20190500,20190600,20190600
2019-04-12,5065.0,5065.0,5065.0,20190500,20190600,20190600
2019-04-15,5015.0,5010.0,5010.0,20190500,20190600,20190600
2019-04-16,5200.0,5200.0,5200.0,20190500,20190600,20190600
2019-04-17,5230.0,5240.0,5240.0,20190500,20190600,20190600
2019-04-18,5295.0,5305.0,5305.0,20190500,20190600,20190600
2019-04-22,5395.0,5395.0,5395.0,20190500,20190600,20190600
2019-04-23,5600.0,5600.0,5600.0,20190500,20190600,20190600
2019-04-24,5435.0,,,20190600,20190700,20190700
2019-04-25,5490.0,,,20190600,20190700,20190700
2019-04-26,5080.0,,,20190600,20190700,20190700
2019-04-29,5140.0,5145.0,5145.0,20190600,20190700,20190700
2019-04-30,5230.0,5230.0,5230.0,20190600,20190700,20190700
2019-05-01,5290.0,5290.0,5290.0,20190600,20190700,20190700
2019-05-02,5385.0,5380.0,5380.0,20190600,20190700,20190700
2019-05-03,5675.0,5670.0,5670.0,20190600,20190700,20190700
2019-05-06,5740.0,5745.0,5745.0,20190600,20190700,20190700
2019-05-07,5840.0,5835.0,5835.0,20190600,20190700,20190700
2019-05-08,5895.0,5880.0,5880.0,20190600,20190700,20190700
2019-05-09,6055.0,6050.0,6050.0,20190600,20190700,20190700
2019-05-10,6360.0,6360.0,6360.0,20190600,20190700,20190700
2019-05-13,7945.0,7980.0,7980.0,20190600,20190700,20190700
2019-05-14,7785.0,7820.0,7820.0,20190600,20190700,20190700
2019-05-15,8230.0,8250.0,8250.0,20190600,20190700,20190700
2019-05-16,7895.0,7915.0,7915.0,20190600,20190700,20190700
2019-05-17,7195.0,7210.0,7210.0,20190600,20190700,20190700
2019-05-20,7850.0,7875.0,7875.0,20190600,20190700,20190700
2019-05-21,8050.0,8065.0,8065.0,20190600,20190700,20190700
2019-05-22,7965.0,7985.0,7985.0,20190600,20190700,20190700
2019-05-23,7820.0,7830.0,7830.0,20190600,20190700,20190700
2019-05-24,8095.0,8110.0,8110.0,20190600,20190700,20190700
2019-05-28,8790.0,,,20190700,20190800,20190800
2019-05-29,8765.0,,,20190700,20190800,20190800
2019-05-30,8690.0,,,20190700,20190800,20190800
2019-05-31,8555.0,,,20190700,20190800,20190800
2019-06-03,8660.0,8680.0,8680.0,20190700,20190800,20190800
2019-06-04,7635.0,7635.0,7635.0,20190700,20190800,20190800
2019-06-05,7845.0,7855.0,7855.0,20190700,20190800,20190800
2019-06-06,7620.0,7630.0,7630.0,20190700,20190800,20190800
2019-06-07,8015.0,8030.0,8030.0,20190700,20190800,20190800
2019-06-10,8015.0,8035.0,8035.0,20190700,20190800,20190800
2019-06-11,7925.0,7930.0,7930.0,20190700,20190800,20190800
2019-06-12,8205.0,8220.0,8220.0,20190700,20190800,20190800
2019-06-13,8290.0,8310.0,8310.0,20190700,20190800,20190800
2019-06-14,8455.0,8480.0,8480.0,20190700,20190800,20190800
2019-06-17,9385.0,9420.0,9420.0,20190700,20190800,20190800
2019-06-18,9135.0,9170.0,9170.0,20190700,20190800,20190800
2019-06-19,9230.0,9260.0,9260.0,20190700,20190800,20190800
2019-06-20,9670.0,9690.0,9690.0,20190700,20190800,20190800
2019-06-21,10040.0,10090.0,10090.0,20190700,20190800,20190800
2019-06-24,11115.0,11165.0,11165.0,20190700,20190800,20190800
2019-06-25,11695.0,11745.0,11745.0,20190800,20190900,20190900
2019-06-26,14210.0,14260.0,14260.0,20190800,20190900,20190900
2019-06-27,11155.0,11235.0,11235.0,20190800,20190900,20190900
2019-06-28,12615.0,12640.0,12640.0,20190800,20190900,20190900
2019-07-01,10460.0,10510.0,10510.0,20190800,20190900,20190900
2019-07-02,11070.0,11120.0,11120.0,20190800,20190900,20190900
2019-07-03,11470.0,11510.0,11510.0,20190800,20190900,20190900
2019-07-05,11395.0,11440.0,11440.0,20190800,20190900,20190900
2019-07-08,12565.0,12640.0,12640.0,20190800,20190900,20190900
2019-07-09,12885.0,12970.0,12970.0,20190800,20190900,20190900
2019-07-10,12375.0,12440.0,12440.0,20190800,20190900,20190900
2019-07-11,11785.0,11825.0,11825.0,20190800,20190900,20190900
2019-07-12,11815.0,11870.0,11870.0,20190800,20190900,20190900
2019-07-15,11015.0,11065.0,11065.0,20190800,20190900,20190900
2019-07-16,9785.0,9815.0,9815.0,20190800,20190900,20190900
2019-07-17,9900.0,9975.0,9975.0,20190800,20190900,20190900
2019-07-18,10695.0,10755.0,10755.0,20190800,20190900,20190900
2019-07-19,10605.0,10710.0,10710.0,20190800,20190900,20190900
2019-07-22,10330.0,10415.0,10415.0,20190800,20190900,20190900
2019-07-23,10330.0,10415.0,10415.0,20190800,20190900,20190900
2019-07-24,9770.0,9845.0,9845.0,20190800,20190900,20190900
2019-07-25,10070.0,,,20190900,20191000,20191000
2019-07-26,10085.0,,,20190900,20191000,20191000
2019-07-29,9590.0,9675.0,9675.0,20190900,20191000,20191000
2019-07-30,9785.0,9915.0,9915.0,20190900,20191000,20191000
2019-07-31,10170.0,10245.0,10245.0,20190900,20191000,20191000
2019-08-01,10520.0,10560.0,10560.0,20190900,20191000,20191000
2019-08-02,10705.0,10755.0,10755.0,20190900,20191000,20191000
2019-08-05,12070.0,12120.0,12120.0,20190900,20191000,20191000
2019-08-06,11970.0,12040.0,12040.0,20190900,20191000,20191000
2019-08-07,12040.0,12110.0,12110.0,20190900,20191000,20191000
2019-08-08,11825.0,11915.0,11915.0,20190900,20191000,20191000
2019-08-09,12090.0,12160.0,12160.0,20190900,20191000,20191000
2019-08-12,11690.0,11735.0,11735.0,20190900,20191000,20191000
2019-08-13,11090.0,11145.0,11145.0,20190900,20191000,20191000
2019-08-14,10260.0,10335.0,10335.0,20190900,20191000,20191000
2019-08-15,10240.0,10290.0,10290.0,20190900,20191000,20191000
2019-08-16,10625.0,10670.0,10670.0,20190900,20191000,20191000
2019-08-19,10830.0,10910.0,10910.0,20190900,20191000,20191000
2019-08-20,10845.0,10935.0,10935.0,20190900,20191000,20191000
2019-08-21,10210.0,10275.0,10275.0,20190900,20191000,20191000
2019-08-22,10275.0,10325.0,10325.0,20190900,20191000,20191000
2019-08-23,10550.0,10610.0,10610.0,20190900,20191000,20191000
2019-08-26,10520.0,,,20191000,20191100,20191100
2019-08-27,10345.0,,,20191000,20191100,20191100
2019-08-28,9810.0,,,20191000,20191100,20191100
2019-08-29,9630.0,,,20191000,20191100,20191100
2019-08-30,9695.0,,,20191000,20191100,20191100
2019-09-03,10855.0,10900.0,10900.0,20191000,20191100,20191100
2019-09-04,10915.0,10975.0,10975.0,20191000,20191100,20191100
2019-09-05,10695.0,10745.0,10745.0,20191000,20191100,20191100
2019-09-06,10550.0,10590.0,10590.0,20191000,20191100,20191100
2019-09-09,10450.0,10495.0,10495.0,20191000,20191100,20191100
2019-09-10,10150.0,10200.0,10200.0,20191000,20191100,20191100
2019-09-11,10210.0,10260.0,10260.0,20191000,20191100,20191100
2019-09-12,10485.0,10540.0,10540.0,20191000,20191100,20191100
2019-09-13,10365.0,10440.0,10440.0,20191000,20191100,20191100
2019-09-16,10240.0,10310.0,10310.0,20191000,20191100,20191100
2019-09-17,10390.0,10470.0,10470.0,20191000,20191100,20191100
2019-09-18,10300.0,10375.0,10375.0,20191000,20191100,20191100
2019-09-19,10230.0,10290.0,10290.0,20191000,20191100,20191100
2019-09-20,10275.0,10360.0,10360.0,20191000,20191100,20191100
2019-09-23,9915.0,10015.0,10015.0,20191000,20191100,20191100
2019-09-24,8475.0,8505.0,8505.0,20191100,20191200,20191200
2019-09-25,8440.0,8495.0,8495.0,20191100,20191200,20191200
2019-09-26,8235.0,8285.0,8285.0,20191100,20191200,20191200
2019-09-27,8080.0,8130.0,8130.0,20191100,20191200,20191200
2019-09-30,8365.0,8405.0,8405.0,20191100,20191200,20191200
2019-10-01,8370.0,8400.0,8400.0,20191100,20191200,20191200
2019-10-02,8320.0,8355.0,8355.0,20191100,20191200,20191200
2019-10-03,8205.0,8245.0,8245.0,20191100,20191200,20191200
2019-10-04,8255.0,8290.0,8290.0,20191100,20191200,20191200
2019-10-07,8290.0,8330.0,8330.0,20191100,20191200,20191200
2019-10-08,8225.0,8270.0,8270.0,20191100,20191200,20191200
2019-10-09,8685.0,8740.0,8740.0,20191100,20191200,20191200
2019-10-10,8650.0,8705.0,8705.0,20191100,20191200,20191200
2019-10-11,8415.0,8465.0,8465.0,20191100,20191200,20191200
2019-10-14,8415.0,8470.0,8470.0,20191100,20191200,20191200
2019-10-15,8230.0,8285.0,8285.0,20191100,20191200,20191200
2019-10-16,7990.0,8040.0,8040.0,20191100,20191200,20191200
2019-10-17,8105.0,8155.0,8155.0,20191100,20191200,20191200
2019-10-18,7990.0,8045.0,8045.0,20191100,20191200,20191200
2019-10-21,8250.0,8310.0,8310.0,20191100,20191200,20191200
2019-10-22,8230.0,8285.0,8285.0,20191100,20191200,20191200
2019-10-23,7505.0,7535.0,7535.0,20191100,20191200,20191200
2019-10-24,7500.0,7530.0,7530.0,20191100,20191200,20191200
2019-10-25,8785.0,,,20191200,20200100,20200100
2019-10-28,9595.0,9660.0,9660.0,20191200,20200100,20200100
2019-10-29,9405.0,9465.0,9465.0,20191200,20200100,20200100
2019-10-30,9340.0,9410.0,9410.0,20191200,20200100,20200100
2019-10-31,9375.0,9400.0,9400.0,20191200,20200100,20200100
2019-11-01,9325.0,9380.0,9380.0,20191200,20200100,20200100
2019-11-04,9650.0,9705.0,9705.0,20191200,20200100,20200100
2019-11-05,9515.0,9575.0,9575.0,20191200,20200100,20200100
2019-11-06,9445.0,9520.0,9520.0,20191200,20200100,20200100
2019-11-07,9305.0,9380.0,9380.0,20191200,20200100,20200100
2019-11-08,8910.0,8980.0,8980.0,20191200,20200100,20200100
2019-11-11,8805.0,8880.0,8880.0,20191200,20200100,20200100
2019-11-12,8890.0,8965.0,8965.0,20191200,20200100,20200100
2019-11-13,8850.0,8920.0,8920.0,20191200,20200100,20200100
2019-11-14,8740.0,8810.0,8810.0,20191200,20200100,20200100
2019-11-15,8545.0,8615.0,8615.0,20191200,20200100,20200100
2019-11-18,8260.0,8330.0,8330.0,20191200,20200100,20200100
2019-11-19,8150.0,8225.0,8225.0,20191200,20200100,20200100
2019-11-20,8150.0,8220.0,8220.0,20191200,20200100,20200100
2019-11-21,7615.0,7665.0,7665.0,20191200,20200100,20200100
2019-11-22,7355.0,7385.0,7385.0,20191200,20200100,20200100
2019-11-25,7225.0,,,20200100,20200200,20200200
2019-11-26,7180.0,,,20200100,20200200,20200200
2019-11-27,7670.0,,,20200100,20200200,20200200
2019-11-29,7855.0,,,20200100,20200200,20200200
2019-12-02,7400.0,7450.0,7450.0,20200100,20200200,20200200
2019-12-03,7405.0,7455.0,7455.0,20200100,20200200,20200200
2019-12-04,7265.0,7305.0,7305.0,20200100,20200200,20200200
2019-12-05,7470.0,7505.0,7505.0,20200100,20200200,20200200
2019-12-06,7520.0,7555.0,7555.0,20200100,20200200,20200200
2019-12-09,7380.0,7425.0,7425.0,20200100,20200200,20200200
2019-12-10,7275.0,7310.0,7310.0,20200100,20200200,20200200
2019-12-11,7220.0,7260.0,7260.0,20200100,20200200,20200200
2019-12-12,7305.0,7335.0,7335.0,20200100,20200200,20200200
2019-12-13,7295.0,7345.0,7345.0,20200100,20200200,20200200
2019-12-16,6885.0,6920.0,6920.0,20200100,20200200,20200200
2019-12-17,6605.0,6635.0,6635.0,20200100,20200200,20200200
2019-12-18,7160.0,7185.0,7185.0,20200100,20200200,20200200
2019-12-19,7190.0,7225.0,7225.0,20200100,20200200,20200200
2019-12-20,7250.0,7290.0,7290.0,20200100,20200200,20200200
2019-12-23,7455.0,7495.0,7495.0,20200100,20200200,20200200
2019-12-24,7275.0,7320.0,7320.0,20200100,20200200,20200200
2019-12-26,7345.0,7385.0,7385.0,20200200,20200300,20200300
2019-12-27,7310.0,7340.0,7340.0,20200200,20200300,20200300
2019-12-30,7330.0,7385.0,7385.0,20200200,20200300,20200300
2019-12-31,7240.0,7285.0,7285.0,20200200,20200300,20200300
2020-01-02,6985.0,7040.0,7040.0,20200200,20200300,20200300
2020-01-03,7415.0,7455.0,7455.0,20200200,20200300,20200300
2020-01-06,7655.0,7710.0,7710.0,20200200,20200300,20200300
2020-01-07,8315.0,8350.0,8350.0,20200200,20200300,20200300
2020-01-08,8160.0,8225.0,8225.0,20200200,20200300,20200300
2020-01-09,7935.0,7985.0,7985.0,20200200,20200300,20200300
2020-01-10,8180.0,8235.0,8235.0,20200200,20200300,20200300
2020-01-13,8260.0,8330.0,8330.0,20200200,20200300,20200300
2020-01-14,8830.0,8935.0,8935.0,20200200,20200300,20200300
2020-01-15,8950.0,9045.0,9045.0,20200200,20200300,20200300
2020-01-16,8850.0,8930.0,8930.0,20200200,20200300,20200300
2020-01-17,8995.0,9075.0,9075.0,20200200,20200300,20200300
2020-01-21,8795.0,8865.0,8865.0,20200200,20200300,20200300
2020-01-22,8740.0,8825.0,8825.0,20200200,20200300,20200300
2020-01-23,8430.0,8485.0,8485.0,20200200,20200300,20200300
2020-01-24,8545.0,8615.0,8615.0,20200200,20200300,20200300
2020-01-27,9175.0,9225.0,9225.0,20200300,20200400,20200400
2020-01-28,9275.0,9325.0,9325.0,20200300,20200400,20200400
2020-01-29,9620.0,9685.0,9685.0,20200300,20200400,20200400
2020-01-30,9815.0,9875.0,9875.0,20200300,20200400,20200400
2020-01-31,9535.0,9590.0,9590.0,20200300,20200400,20200400
2020-02-03,9510.0,9570.0,9570.0,20200300,20200400,20200400
2020-02-04,9360.0,9420.0,9420.0,20200300,20200400,20200400
2020-02-05,9940.0,10020.0,10020.0,20200300,20200400,20200400
2020-02-06,10025.0,10105.0,10105.0,20200300,20200400,20200400
2020-02-07,9980.0,10055.0,10055.0,20200300,20200400,20200400
2020-02-10,10100.0,10190.0,10190.0,20200300,20200400,20200400
2020-02-11,10585.0,10695.0,10695.0,20200300,20200400,20200400
2020-02-12,10730.0,10875.0,10875.0,20200300,20200400,20200400
2020-02-13,10490.0,10620.0,10620.0,20200300,20200400,20200400
2020-02-14,10675.0,10795.0,10795.0,20200300,20200400,20200400
2020-02-18,10415.0,10535.0,10535.0,20200300,20200400,20200400
2020-02-19,10395.0,10515.0,10515.0,20200300,20200400,20200400
2020-02-20,9760.0,9865.0,9865.0,20200300,20200400,20200400
2020-02-21,9885.0,10005.0,10005.0,20200300,20200400,20200400
2020-02-24,9855.0,9945.0,9945.0,20200400,20200500,20200500
2020-02-25,9540.0,9650.0,9650.0,20200400,20200500,20200500
2020-02-26,8975.0,9055.0,9055.0,20200400,20200500,20200500
2020-02-27,9040.0,9120.0,9120.0,20200400,20200500,20200500
2020-02-28,8780.0,8880.0,8880.0,20200400,20200500,20200500
2020-03-02,9045.0,9170.0,9170.0,20200400,20200500,20200500
2020-03-03,8865.0,8980.0,8980.0,20200400,20200500,20200500
2020-03-04,8845.0,8955.0,8955.0,20200400,20200500,20200500
2020-03-05,9270.0,9390.0,9390.0,20200400,20200500,20200500
2020-03-06,9265.0,9385.0,9385.0,20200400,20200500,20200500
2020-03-09,7900.0,7970.0,7970.0,20200400,20200500,20200500
2020-03-10,8045.0,8110.0,8110.0,20200400,20200500,20200500
2020-03-11,7905.0,7970.0,7970.0,20200400,20200500,20200500
2020-03-12,6035.0,6075.0,6075.0,20200400,20200500,20200500
2020-03-13,5375.0,5375.0,5375.0,20200400,20200500,20200500
2020-03-16,4945.0,4935.0,4935.0,20200400,20200500,20200500
2020-03-17,5410.0,5415.0,5415.0,20200400,20200500,20200500
2020-03-18,5345.0,5370.0,5370.0,20200400,20200500,20200500
2020-03-19,6270.0,6285.0,6285.0,20200400,20200500,20200500
2020-03-20,6230.0,6245.0,6245.0,20200400,20200500,20200500
2020-03-23,6310.0,6330.0,6330.0,20200400,20200500,20200500
2020-03-24,6745.0,6755.0,6755.0,20200400,20200500,20200500
2020-03-25,6675.0,6690.0,6690.0,20200500,20200600,20200600
2020-03-26,6720.0,6740.0,6740.0,20200500,20200600,20200600
2020-03-27,6710.0,6735.0,6735.0,20200500,20200600,20200600
2020-03-30,6405.0,6425.0,6425.0,20200500,20200600,20200600
2020-03-31,6495.0,6530.0,6530.0,20200500,20200600,20200600
2020-04-01,6225.0,6255.0,6255.0,20200500,20200600,20200600
2020-04-02,6900.0,6935.0,6935.0,20200500,20200600,20200600
2020-04-03,6845.0,6865.0,6865.0,20200500,20200600,20200600
2020-04-06,7390.0,7415.0,7415.0,20200500,20200600,20200600
2020-04-07,7405.0,7430.0,7430.0,20200500,20200600,20200600
2020-04-08,7390.0,7425.0,7425.0,20200500,20200600,20200600
2020-04-09,7350.0,7365.0,7365.0,20200500,20200600,20200600
2020-04-13,6820.0,6825.0,6825.0,20200500,20200600,20200600
2020-04-14,6965.0,6965.0,6965.0,20200500,20200600,20200600
2020-04-15,6755.0,6755.0,6755.0,20200500,20200600,20200600
2020-04-16,7125.0,7155.0,7155.0,20200500,20200600,20200600
2020-04-17,7115.0,7125.0,7125.0,20200500,20200600,20200600
2020-04-20,6815.0,6825.0,6825.0,20200500,20200600,20200600
2020-04-21,6900.0,6910.0,6910.0,20200500,20200600,20200600
2020-04-22,7155.0,7160.0,7160.0,20200500,20200600,20200600
2020-04-23,7625.0,7660.0,7660.0,20200500,20200600,20200600
2020-04-24,7610.0,7635.0,7635.0,20200600,20200700,20200700
2020-04-27,7795.0,7805.0,7805.0,20200600,20200700,20200700
2020-04-28,7785.0,7805.0,7805.0,20200600,20200700,20200700
2020-04-29,8860.0,8875.0,8875.0,20200600,20200700,20200700
2020-04-30,8950.0,8990.0,8990.0,20200600,20200700,20200700
2020-05-01,8850.0,8870.0,8870.0,20200600,20200700,20200700
2020-05-04,8965.0,8980.0,8980.0,20200600,20200700,20200700
2020-05-05,9020.0,9040.0,9040.0,20200600,20200700,20200700
2020-05-06,9385.0,9400.0,9400.0,20200600,20200700,20200700
2020-05-07,10060.0,10085.0,10085.0,20200600,20200700,20200700
2020-05-08,10090.0,10130.0,10130.0,20200600,20200700,20200700
2020-05-11,8845.0,8860.0,8860.0,20200600,20200700,20200700
2020-05-12,8930.0,8950.0,8950.0,20200600,20200700,20200700
2020-05-13,9325.0,9335.0,9335.0,20200600,20200700,20200700
2020-05-14,9815.0,9840.0,9840.0,20200600,20200700,20200700
2020-05-15,9455.0,9505.0,9505.0,20200600,20200700,20200700
2020-05-18,9830.0,9880.0,9880.0,20200600,20200700,20200700
2020-05-19,9765.0,9815.0,9815.0,20200600,20200700,20200700
2020-05-20,9640.0,9685.0,9685.0,20200600,20200700,20200700
2020-05-21,9165.0,9185.0,9185.0,20200600,20200700,20200700
2020-05-22,9255.0,9300.0,9300.0,20200600,20200700,20200700
2020-05-26,8910.0,8935.0,8935.0,20200700,20200800,20200800
2020-05-27,9285.0,9325.0,9325.0,20200700,20200800,20200800
2020-05-28,9590.0,9640.0,9640.0,20200700,20200800,20200800
2020-05-29,9530.0,9570.0,9570.0,20200700,20200800,20200800
2020-06-01,9700.0,9745.0,9745.0,20200700,20200800,20200800
2020-06-02,9630.0,9675.0,9675.0,20200700,20200800,20200800
2020-06-03,9705.0,9740.0,9740.0,20200700,20200800,20200800
2020-06-04,9950.0,10000.0,10000.0,20200700,20200800,20200800
2020-06-05,9860.0,9890.0,9890.0,20200700,20200800,20200800
2020-06-08,9830.0,9885.0,9885.0,20200700,20200800,20200800
2020-06-09,9860.0,9915.0,9915.0,20200700,20200800,20200800
2020-06-10,9980.0,10025.0,10025.0,20200700,20200800,20200800
2020-06-11,9365.0,9420.0,9420.0,20200700,20200800,20200800
2020-06-12,9525.0,9570.0,9570.0,20200700,20200800,20200800
2020-06-15,9510.0,9550.0,9550.0,20200700,20200800,20200800
2020-06-16,9595.0,9640.0,9640.0,20200700,20200800,20200800
2020-06-17,9400.0,9440.0,9440.0,20200700,20200800,20200800
2020-06-18,9480.0,9525.0,9525.0,20200700,20200800,20200800
2020-06-19,9385.0,9435.0,9435.0,20200700,20200800,20200800
2020-06-22,9660.0,9705.0,9705.0,20200700,20200800,20200800
2020-06-23,9745.0,9795.0,9795.0,20200700,20200800,20200800
2020-06-24,9430.0,9460.0,9460.0,20200800,20200900,20200900
2020-06-25,9405.0,9450.0,9450.0,20200800,20200900,20200900
2020-06-26,9280.0,9315.0,9315.0,20200800,20200900,20200900
2020-06-29,9255.0,9295.0,9295.0,20200800,20200900,20200900
2020-06-30,9240.0,9285.0,9285.0,20200800,20200900,20200900
2020-07-01,9365.0,9415.0,9415.0,20200800,20200900,20200900
2020-07-02,9115.0,9165.0,9165.0,20200800,20200900,20200900
2020-07-06,9405.0,9450.0,9450.0,20200800,20200900,20200900
2020-07-07,9350.0,9400.0,9400.0,20200800,20200900,20200900
2020-07-08,9560.0,9600.0,9600.0,20200800,20200900,20200900
2020-07-09,9320.0,9365.0,9365.0,20200800,20200900,20200900
2020-07-10,9330.0,9385.0,9385.0,20200800,20200900,20200900
2020-07-13,9330.0,9380.0,9380.0,20200800,20200900,20200900
2020-07-14,9370.0,9425.0,9425.0,20200800,20200900,20200900
2020-07-15,9250.0,9295.0,9295.0,20200800,20200900,20200900
2020-07-16,9195.0,9245.0,9245.0,20200800,20200900,20200900
2020-07-17,9250.0,9290.0,9290.0,20200800,20200900,20200900
2020-07-20,9255.0,9300.0,9300.0,20200800,20200900,20200900
2020-07-21,9460.0,9510.0,9510.0,20200800,20200900,20200900
2020-07-22,9480.0,9530.0,9530.0,20200800,20200900,20200900
2020-07-23,9720.0,9775.0,9775.0,20200800,20200900,20200900
2020-07-24,9690.0,9750.0,9750.0,20200800,20200900,20200900
2020-07-27,11145.0,11210.0,11210.0,20200900,20201000,20201000
2020-07-28,11315.0,11425.0,11425.0,20200900,20201000,20201000
2020-07-29,11530.0,11625.0,11625.0,20200900,20201000,20201000
2020-07-30,11440.0,11540.0,11540.0,20200900,20201000,20201000
2020-07-31,11700.0,11750.0,11750.0,20200900,20201000,20201000
2020-08-03,11695.0,11760.0,11760.0,20200900,20201000,20201000
2020-08-04,11480.0,11525.0,11525.0,20200900,20201000,20201000
2020-08-05,11930.0,11975.0,11975.0,20200900,20201000,20201000
2020-08-06,12120.0,12165.0,12165.0,20200900,20201000,20201000
2020-08-07,11690.0,11750.0,11750.0,20200900,20201000,20201000
2020-08-10,12115.0,12175.0,12175.0,20200900,20201000,20201000
2020-08-11,11550.0,11610.0,11610.0,20200900,20201000,20201000
2020-08-12,11770.0,11815.0,11815.0,20200900,20201000,20201000
2020-08-13,11705.0,11750.0,11750.0,20200900,20201000,20201000
2020-08-14,12040.0,12090.0,12090.0,20200900,20201000,20201000
2020-08-17,12625.0,12705.0,12705.0,20200900,20201000,20201000
2020-08-18,12190.0,12255.0,12255.0,20200900,20201000,20201000
2020-08-19,11845.0,11920.0,11920.0,20200900,20201000,20201000
2020-08-20,12055.0,12105.0,12105.0,20200900,20201000,20201000
2020-08-21,11860.0,11930.0,11930.0,20200900,20201000,20201000
2020-08-24,11940.0,12000.0,12000.0,20200900,20201000,20201000
2020-08-25,11495.0,11565.0,11565.0,20201000,20201100,20201100
2020-08-26,11675.0,11760.0,11760.0,20201000,20201100,20201100
2020-08-27,11410.0,11450.0,11450.0,20201000,20201100,20201100
2020-08-28,11705.0,11790.0,11790.0,20201000,20201100,20201100
2020-08-31,11940.0,12025.0,12025.0,20201000,20201100,20201100
2020-09-01,12180.0,12275.0,12275.0,20201000,20201100,20201100
2020-09-02,11560.0,11630.0,11630.0,20201000,20201100,20201100
2020-09-03,10795.0,10860.0,10860.0,20201000,20201100,20201100
2020-09-04,10705.0,10745.0,10745.0,20201000,20201100,20201100
2020-09-08,10090.0,10150.0,10150.0,20201000,20201100,20201100
2020-09-09,10400.0,10470.0,10470.0,20201000,20201100,20201100
2020-09-10,10405.0,10450.0,10450.0,20201000,20201100,20201100
2020-09-11,10420.0,10470.0,10470.0,20201000,20201100,20201100
2020-09-14,10780.0,10840.0,10840.0,20201000,20201100,20201100
2020-09-15,10890.0,10950.0,10950.0,20201000,20201100,20201100
2020-09-16,11095.0,11175.0,11175.0,20201000,20201100,20201100
2020-09-17,11035.0,11095.0,11095.0,20201000,20201100,20201100
2020-09-18,10970.0,11030.0,11030.0,20201000,20201100,20201100
2020-09-21,10560.0,10620.0,10620.0,20201000,20201100,20201100
2020-09-22,10565.0,10620.0,10620.0,20201000,20201100,20201100
2020-09-23,10345.0,10410.0,10410.0,20201000,20201100,20201100
2020-09-24,10780.0,10865.0,10865.0,20201100,20201200,20201200
2020-09-25,10885.0,10960.0,10960.0,20201100,20201200,20201200
2020-09-28,11005.0,11095.0,11095.0,20201100,20201200,20201200
2020-09-29,10875.0,10955.0,10955.0,20201100,20201200,20201200
2020-09-30,10840.0,10920.0,10920.0,20201100,20201200,20201200
2020-10-01,10725.0,10810.0,10810.0,20201100,20201200,20201200
2020-10-02,10615.0,10705.0,10705.0,20201100,20201200,20201200
2020-10-05,10870.0,10945.0,10945.0,20201100,20201200,20201200
2020-10-06,10710.0,10770.0,10770.0,20201100,20201200,20201200
2020-10-07,10790.0,10865.0,10865.0,20201100,20201200,20201200
2020-10-08,11035.0,11110.0,11110.0,20201100,20201200,20201200
2020-10-09,11205.0,11275.0,11275.0,20201100,20201200,20201200
2020-10-12,11720.0,11805.0,11805.0,20201100,20201200,20201200
2020-10-13,11520.0,11625.0,11625.0,20201100,20201200,20201200
2020-10-14,11490.0,11590.0,11590.0,20201100,20201200,20201200
2020-10-15,11680.0,11770.0,11770.0,20201100,20201200,20201200
2020-10-16,11450.0,11530.0,11530.0,20201100,20201200,20201200
2020-10-19,11835.0,11910.0,11910.0,20201100,20201200,20201200
2020-10-20,12080.0,12170.0,12170.0,20201100,20201200,20201200
2020-10-21,12845.0,12960.0,12960.0,20201100,20201200,20201200
2020-10-22,13265.0,13405.0,13405.0,20201100,20201200,20201200
2020-10-23,13110.0,13215.0,13215.0,20201100,20201200,20201200
2020-10-26,13285.0,13370.0,13370.0,20201200,20210100,20210100
2020-10-27,14000.0,14095.0,14095.0,20201200,20210100,20210100
2020-10-28,13475.0,13570.0,13570.0,20201200,20210100,20210100
2020-10-29,13885.0,13965.0,13965.0,20201200,20210100,20210100
2020-10-30,13845.0,13935.0,13935.0,20201200,20210100,20210100
2020-11-02,13915.0,14030.0,14030.0,20201200,20210100,20210100
2020-11-03,13960.0,14070.0,14070.0,20201200,20210100,20210100
2020-11-04,14300.0,14390.0,14390.0,20201200,20210100,20210100
2020-11-05,15400.0,15510.0,15510.0,20201200,20210100,20210100
2020-11-06,15800.0,15905.0,15905.0,20201200,20210100,20210100
2020-11-09,15595.0,15740.0,15740.0,20201200,20210100,20210100
2020-11-10,15490.0,15595.0,15595.0,20201200,20210100,20210100
2020-11-11,15930.0,16075.0,16075.0,20201200,20210100,20210100
2020-11-12,16365.0,16490.0,16490.0,20201200,20210100,20210100
2020-11-13,16390.0,16540.0,16540.0,20201200,20210100,20210100
2020-11-16,17020.0,17150.0,17150.0,20201200,20210100,20210100
2020-11-17,17875.0,18025.0,18025.0,20201200,20210100,20210100
2020-11-18,17810.0,17950.0,17950.0,20201200,20210100,20210100
2020-11-19,18240.0,18360.0,18360.0,20201200,20210100,20210100
2020-11-20,18870.0,19030.0,19030.0,20201200,20210100,20210100
2020-11-23,18620.0,18785.0,18785.0,20201200,20210100,20210100
2020-11-24,19520.0,19635.0,19635.0,20210100,20210200,20210200
2020-11-25,19345.0,19465.0,19465.0,20210100,20210200,20210200
2020-11-27,17085.0,17205.0,17205.0,20210100,20210200,20210200
2020-11-30,19900.0,20030.0,20030.0,20210100,20210200,20210200
2020-12-01,19450.0,19575.0,19575.0,20210100,20210200,20210200
2020-12-02,19450.0,19580.0,19580.0,20210100,20210200,20210200
2020-12-03,19725.0,19875.0,19875.0,20210100,20210200,20210200
2020-12-04,19245.0,19405.0,19405.0,20210100,20210200,20210200
2020-12-07,19315.0,19475.0,19475.0,20210100,20210200,20210200
2020-12-08,18970.0,19115.0,19115.0,20210100,20210200,20210200
2020-12-09,18600.0,18720.0,18720.0,20210100,20210200,20210200
2020-12-10,18590.0,18720.0,18720.0,20210100,20210200,20210200
2020-12-11,18165.0,18325.0,18325.0,20210100,20210200,20210200
2020-12-14,19465.0,19655.0,19655.0,20210100,20210200,20210200
2020-12-15,19805.0,20000.0,20000.0,20210100,20210200,20210200
2020-12-16,21280.0,21510.0,21510.0,20210100,20210200,20210200
2020-12-17,23285.0,23530.0,23530.0,20210100,20210200,20210200
2020-12-18,23240.0,23560.0,23560.0,20210100,20210200,20210200
2020-12-21,23160.0,23460.0,23460.0,20210100,20210200,20210200
2020-12-22,23805.0,24105.0,24105.0,20210100,20210200,20210200
2020-12-23,23745.0,24075.0,24075.0,20210100,20210200,20210200
2020-12-24,23685.0,23955.0,23955.0,20210100,20210200,20210200
2020-12-28,27405.0,27755.0,27755.0,20210200,20210300,20210300
2020-12-29,27510.0,27810.0,27810.0,20210200,20210300,20210300
2020-12-30,29495.0,29790.0,29790.0,20210200,20210300,20210300
2020-12-31,29655.0,30000.0,30000.0,20210200,20210300,20210300
2021-01-04,31980.0,32385.0,32385.0,20210200,20210300,20210300
2021-01-05,34925.0,35375.0,35375.0,20210200,20210300,20210300
2021-01-06,37055.0,37545.0,37545.0,20210200,20210300,20210300
2021-01-07,40100.0,40630.0,40630.0,20210200,20210300,20210300
2021-01-08,39970.0,40505.0,40505.0,20210200,20210300,20210300
2021-01-11,34225.0,34680.0,34680.0,20210200,20210300,20210300
2021-01-12,34925.0,35420.0,35420.0,20210200,20210300,20210300
2021-01-13,36810.0,37330.0,37330.0,20210200,20210300,20210300
2021-01-14,40080.0,40520.0,40520.0,20210200,20210300,20210300
2021-01-15,36100.0,36535.0,36535.0,20210200,20210300,20210300
2021-01-19,37060.0,37575.0,37575.0,20210200,20210300,20210300
2021-01-20,35470.0,35875.0,35875.0,20210200,20210300,20210300
2021-01-21,32290.0,32570.0,32570.0,20210200,20210300,20210300
2021-01-22,33945.0,34265.0,34265.0,20210200,20210300,20210300
2021-01-25,33825.0,34210.0,34210.0,20210200,20210300,20210300
2021-01-26,32565.0,32855.0,32855.0,20210300,20210400,20210400
2021-01-27,31905.0,32175.0,32175.0,20210300,20210400,20210400
2021-01-28,33085.0,33450.0,33450.0,20210300,20210400,20210400
2021-01-29,35180.0,35690.0,35690.0,20210300,20210400,20210400
2021-02-01,34265.0,34710.0,34710.0,20210300,20210400,20210400
2021-02-02,36535.0,36920.0,36920.0,20210300,20210400,20210400
2021-02-03,37790.0,38270.0,38270.0,20210300,20210400,20210400
2021-02-04,38310.0,38735.0,38735.0,20210300,20210400,20210400
2021-02-05,38460.0,38940.0,38940.0,20210300,20210400,20210400
2021-02-08,45305.0,45840.0,45840.0,20210300,20210400,20210400
2021-02-09,48385.0,49070.0,49070.0,20210300,20210400,20210400
2021-02-10,45570.0,46240.0,46240.0,20210300,20210400,20210400
2021-02-11,48195.0,48950.0,48950.0,20210300,20210400,20210400
2021-02-12,48700.0,49375.0,49375.0,20210300,20210400,20210400
2021-02-16,49615.0,50385.0,50385.0,20210300,20210400,20210400
2021-02-17,53525.0,54380.0,54380.0,20210300,20210400,20210400
2021-02-18,53170.0,53930.0,53930.0,20210300,20210400,20210400
2021-02-19,56595.0,57585.0,57585.0,20210300,20210400,20210400
2021-02-22,54650.0,55620.0,55620.0,20210300,20210400,20210400
2021-02-23,48850.0,49450.0,49450.0,20210400,20210500,20210500
2021-02-24,50455.0,51090.0,51090.0,20210400,20210500,20210500
2021-02-25,49990.0,50580.0,50580.0,20210400,20210500,20210500
2021-02-26,46905.0,47615.0,47615.0,20210400,20210500,20210500
2021-03-01,49355.0,49855.0,49855.0,20210400,20210500,20210500
2021-03-02,48445.0,49010.0,49010.0,20210400,20210500,20210500
2021-03-03,51520.0,52055.0,52055.0,20210400,20210500,20210500
2021-03-04,48855.0,49435.0,49435.0,20210400,20210500,20210500
2021-03-05,50055.0,50540.0,50540.0,20210400,20210500,20210500
2021-03-08,52705.0,53275.0,53275.0,20210400,20210500,20210500
2021-03-09,55315.0,55915.0,55915.0,20210400,20210500,20210500
2021-03-10,57265.0,57930.0,57930.0,20210400,20210500,20210500
2021-03-11,58615.0,59230.0,59230.0,20210400,20210500,20210500
2021-03-12,57850.0,58540.0,58540.0,20210400,20210500,20210500
2021-03-15,57660.0,58330.0,58330.0,20210400,20210500,20210500
2021-03-16,56615.0,57345.0,57345.0,20210400,20210500,20210500
2021-03-17,58710.0,59390.0,59390.0,20210400,20210500,20210500
2021-03-18,58050.0,58805.0,58805.0,20210400,20210500,20210500
2021-03-19,59720.0,60430.0,60430.0,20210400,20210500,20210500
2021-03-22,56040.0,56750.0,56750.0,20210400,20210500,20210500
2021-03-23,55245.0,55900.0,55900.0,20210400,20210500,20210500
2021-03-24,54980.0,55520.0,55520.0,20210400,20210500,20210500
2021-03-25,52935.0,53460.0,53460.0,20210500,20210600,20210600
2021-03-26,54645.0,55190.0,55190.0,20210500,20210600,20210600
2021-03-29,58695.0,59165.0,59165.0,20210500,20210600,20210600
2021-03-30,60215.0,60690.0,60690.0,20210500,20210600,20210600
2021-03-31,59900.0,60445.0,60445.0,20210500,20210600,20210600
2021-04-01,60130.0,60640.0,60640.0,20210500,20210600,20210600
2021-04-05,60430.0,60985.0,60985.0,20210500,20210600,20210600
2021-04-06,59270.0,59775.0,59775.0,20210500,20210600,20210600
2021-04-07,56670.0,57085.0,57085.0,20210500,20210600,20210600
2021-04-08,58545.0,58960.0,58960.0,20210500,20210600,20210600
2021-04-09,59145.0,59600.0,59600.0,20210500,20210600,20210600
2021-04-12,61000.0,61400.0,61400.0,20210500,20210600,20210600
2021-04-13,64135.0,64655.0,64655.0,20210500,20210600,20210600
2021-04-14,62885.0,63285.0,63285.0,20210500,20210600,20210600
2021-04-15,64305.0,64840.0,64840.0,20210500,20210600,20210600
2021-04-16,62380.0,62850.0,62850.0,20210500,20210600,20210600
2021-04-19,56535.0,56980.0,56980.0,20210500,20210600,20210600
2021-04-20,57080.0,57480.0,57480.0,20210500,20210600,20210600
2021-04-21,55970.0,56375.0,56375.0,20210500,20210600,20210600
2021-04-22,53065.0,53475.0,53475.0,20210500,20210600,20210600
2021-04-23,51045.0,51345.0,51345.0,20210500,20210600,20210600
2021-04-26,54545.0,54975.0,54975.0,20210600,20210700,20210700
2021-04-27,55225.0,55595.0,55595.0,20210600,20210700,20210700
2021-04-28,55940.0,56305.0,56305.0,20210600,20210700,20210700
2021-04-29,53265.0,53590.0,53590.0,20210600,20210700,20210700
2021-04-30,57545.0,57945.0,57945.0,20210600,20210700,20210700
2021-05-03,58095.0,58475.0,58475.0,20210600,20210700,20210700
2021-05-04,54745.0,55035.0,55035.0,20210600,20210700,20210700
2021-05-05,57575.0,57960.0,57960.0,20210600,20210700,20210700
2021-05-06,56480.0,56855.0,56855.0,20210600,20210700,20210700
2021-05-07,57990.0,58355.0,58355.0,20210600,20210700,20210700
2021-05-10,55940.0,56435.0,56435.0,20210600,20210700,20210700
2021-05-11,57010.0,57340.0,57340.0,20210600,20210700,20210700
2021-05-12,54645.0,54865.0,54865.0,20210600,20210700,20210700
2021-05-13,48485.0,48760.0,48760.0,20210600,20210700,20210700
2021-05-14,50305.0,50505.0,50505.0,20210600,20210700,20210700
2021-05-17,44100.0,44220.0,44220.0,20210600,20210700,20210700
2021-05-18,43240.0,43340.0,43340.0,20210600,20210700,20210700
2021-05-19,39500.0,39560.0,39560.0,20210600,20210700,20210700
2021-05-20,40350.0,40365.0,40365.0,20210600,20210700,20210700
2021-05-21,36190.0,36120.0,36120.0,20210600,20210700,20210700
2021-05-24,39770.0,39920.0,39920.0,20210600,20210700,20210700
2021-05-25,37475.0,37805.0,37805.0,20210700,20210800,20210800
2021-05-26,38740.0,38915.0,38915.0,20210700,20210800,20210800
2021-05-27,38970.0,39275.0,39275.0,20210700,20210800,20210800
2021-05-28,35905.0,36165.0,36165.0,20210700,20210800,20210800
2021-06-01,36100.0,36300.0,36300.0,20210700,20210800,20210800
2021-06-02,38120.0,38275.0,38275.0,20210700,20210800,20210800
2021-06-03,38790.0,38905.0,38905.0,20210700,20210800,20210800
2021-06-04,37040.0,37115.0,37115.0,20210700,20210800,20210800
2021-06-07,35730.0,35890.0,35890.0,20210700,20210800,20210800
2021-06-08,33000.0,33095.0,33095.0,20210700,20210800,20210800
2021-06-09,36460.0,36575.0,36575.0,20210700,20210800,20210800
2021-06-10,36755.0,36775.0,36775.0,20210700,20210800,20210800
2021-06-11,37415.0,37485.0,37485.0,20210700,20210800,20210800
2021-06-14,39810.0,39965.0,39965.0,20210700,20210800,20210800
2021-06-15,40050.0,40155.0,40155.0,20210700,20210800,20210800
2021-06-16,38660.0,38745.0,38745.0,20210700,20210800,20210800
2021-06-17,37715.0,37785.0,37785.0,20210700,20210800,20210800
2021-06-18,35300.0,35325.0,35325.0,20210700,20210800,20210800
2021-06-21,32570.0,32565.0,32565.0,20210700,20210800,20210800
2021-06-22,32565.0,32640.0,32640.0,20210700,20210800,20210800
2021-06-23,32970.0,33055.0,33055.0,20210700,20210800,20210800
2021-06-24,34990.0,35080.0,35080.0,20210800,20210900,20210900
2021-06-25,32310.0,32380.0,32380.0,20210800,20210900,20210900
2021-06-28,34615.0,34705.0,34705.0,20210800,20210900,20210900
2021-06-29,36495.0,36625.0,36625.0,20210800,20210900,20210900
2021-06-30,34805.0,34920.0,34920.0,20210800,20210900,20210900
2021-07-01,33070.0,33155.0,33155.0,20210800,20210900,20210900
2021-07-02,33320.0,33440.0,33440.0,20210800,20210900,20210900
2021-07-06,34045.0,34085.0,34085.0,20210800,20210900,20210900
2021-07-07,34705.0,34800.0,34800.0,20210800,20210900,20210900
2021-07-08,33025.0,33040.0,33040.0,20210800,20210900,20210900
2021-07-09,33510.0,33565.0,33565.0,20210800,20210900,20210900
2021-07-12,32800.0,32900.0,32900.0,20210800,20210900,20210900
2021-07-13,32285.0,32345.0,32345.0,20210800,20210900,20210900
2021-07-14,32775.0,32800.0,32800.0,20210800,20210900,20210900
2021-07-15,31440.0,31505.0,31505.0,20210800,20210900,20210900
2021-07-16,31965.0,32025.0,32025.0,20210800,20210900,20210900
2021-07-19,30715.0,30710.0,30710.0,20210800,20210900,20210900
2021-07-20,29745.0,29740.0,29740.0,20210800,20210900,20210900
2021-07-21,31675.0,31710.0,31710.0,20210800,20210900,20210900
2021-07-22,32400.0,32440.0,32440.0,20210800,20210900,20210900
2021-07-23,32270.0,32295.0,32295.0,20210800,20210900,20210900
2021-07-26,39525.0,39695.0,39695.0,20210900,20211000,20211000
2021-07-27,37940.0,38050.0,38050.0,20210900,20211000,20211000
2021-07-28,40500.0,40650.0,40650.0,20210900,20211000,20211000
2021-07-29,39800.0,39910.0,39910.0,20210900,20211000,20211000
2021-07-30,39950.0,40055.0,40055.0,20210900,20211000,20211000
2021-08-02,39210.0,39350.0,39350.0,20210900,20211000,20211000
2021-08-03,38005.0,38115.0,38115.0,20210900,20211000,20211000
2021-08-04,39885.0,39980.0,39980.0,20210900,20211000,20211000
2021-08-05,40770.0,40880.0,40880.0,20210900,20211000,20211000
2021-08-06,42990.0,43085.0,43085.0,20210900,20211000,20211000
2021-08-09,46090.0,46180.0,46180.0,20210900,20211000,20211000
2021-08-10,45585.0,45665.0,45665.0,20210900,20211000,20211000
2021-08-11,46525.0,46635.0,46635.0,20210900,20211000,20211000
2021-08-12,44455.0,44535.0,44535.0,20210900,20211000,20211000
2021-08-13,46565.0,46690.0,46690.0,20210900,20211000,20211000
2021-08-16,46125.0,46270.0,46270.0,20210900,20211000,20211000
2021-08-17,45500.0,45620.0,45620.0,20210900,20211000,20211000
2021-08-18,44870.0,44990.0,44990.0,20210900,20211000,20211000
2021-08-19,46750.0,46845.0,46845.0,20210900,20211000,20211000
2021-08-20,48815.0,48925.0,48925.0,20210900,20211000,20211000
2021-08-23,49300.0,49475.0,49475.0,20210900,20211000,20211000
2021-08-24,48285.0,48405.0,48405.0,20210900,20211000,20211000
2021-08-25,48955.0,49075.0,49075.0,20211000,20211100,20211100
2021-08-26,47035.0,47130.0,47130.0,20211000,20211100,20211100
2021-08-27,48530.0,48620.0,48620.0,20211000,20211100,20211100
2021-08-30,48820.0,48895.0,48895.0,20211000,20211100,20211100
2021-08-31,47420.0,47585.0,47585.0,20211000,20211100,20211100
2021-09-01,48340.0,48460.0,48460.0,20211000,20211100,20211100
2021-09-02,49435.0,49610.0,49610.0,20211000,20211100,20211100
2021-09-03,50775.0,50910.0,50910.0,20211000,20211100,20211100
2021-09-07,46795.0,47015.0,47015.0,20211000,20211100,20211100
2021-09-08,46625.0,46735.0,46735.0,20211000,20211100,20211100
2021-09-09,46735.0,46870.0,46870.0,20211000,20211100,20211100
2021-09-10,45785.0,45940.0,45940.0,20211000,20211100,20211100
2021-09-13,44905.0,45030.0,45030.0,20211000,20211100,20211100
2021-09-14,46605.0,46795.0,46795.0,20211000,20211100,20211100
2021-09-15,48325.0,48445.0,48445.0,20211000,20211100,20211100
2021-09-16,47665.0,47860.0,47860.0,20211000,20211100,20211100
2021-09-17,47615.0,47790.0,47790.0,20211000,20211100,20211100
2021-09-20,43880.0,44055.0,44055.0,20211000,20211100,20211100
2021-09-21,42120.0,42300.0,42300.0,20211000,20211100,20211100
2021-09-22,43520.0,43660.0,43660.0,20211000,20211100,20211100
2021-09-23,44925.0,44955.0,44955.0,20211000,20211100,20211100
2021-09-24,42585.0,42665.0,42665.0,20211100,20211200,20211200
2021-09-27,43220.0,43375.0,43375.0,20211100,20211200,20211200
2021-09-28,41715.0,41895.0,41895.0,20211100,20211200,20211200
2021-09-29,41215.0,41425.0,41425.0,20211100,20211200,20211200
2021-09-30,43760.0,43950.0,43950.0,20211100,20211200,20211200
2021-10-01,48500.0,48645.0,48645.0,20211100,20211200,20211200
2021-10-04,50020.0,50190.0,50190.0,20211100,20211200,20211200
2021-10-05,51780.0,52055.0,52055.0,20211100,20211200,20211200
2021-10-06,56000.0,56225.0,56225.0,20211100,20211200,20211200
2021-10-07,54870.0,55115.0,55115.0,20211100,20211200,20211200
2021-10-08,55590.0,55775.0,55775.0,20211100,20211200,20211200
2021-10-11,58505.0,58755.0,58755.0,20211100,20211200,20211200
2021-10-12,56330.0,56635.0,56635.0,20211100,20211200,20211200
2021-10-13,58235.0,58505.0,58505.0,20211100,20211200,20211200
2021-10-14,58675.0,58990.0,58990.0,20211100,20211200,20211200
2021-10-15,62575.0,63000.0,63000.0,20211100,20211200,20211200
2021-10-18,62010.0,62390.0,62390.0,20211100,20211200,20211200
2021-10-19,65255.0,65730.0,65730.0,20211100,20211200,20211200
2021-10-20,67905.0,68635.0,68635.0,20211100,20211200,20211200
2021-10-21,63840.0,64655.0,64655.0,20211100,20211200,20211200
2021-10-22,61680.0,62310.0,62310.0,20211100,20211200,20211200
2021-10-25,63375.0,64050.0,64050.0,20211100,20211200,20211200
2021-10-26,63185.0,63785.0,63785.0,20211200,20220100,20220100
2021-10-27,59775.0,60195.0,60195.0,20211200,20220100,20220100
2021-10-28,62230.0,62425.0,62425.0,20211200,20220100,20220100
2021-10-29,63395.0,63685.0,63685.0,20211200,20220100,20220100
2021-11-01,62095.0,62370.0,62370.0,20211200,20220100,20220100
2021-11-02,64600.0,64930.0,64930.0,20211200,20220100,20220100
2021-11-03,63600.0,64050.0,64050.0,20211200,20220100,20220100
2021-11-04,61910.0,62300.0,62300.0,20211200,20220100,20220100
2021-11-05,61900.0,62290.0,62290.0,20211200,20220100,20220100
2021-11-08,67075.0,67440.0,67440.0,20211200,20220100,20220100
2021-11-09,68235.0,68615.0,68615.0,20211200,20220100,20220100
2021-11-10,66650.0,66975.0,66975.0,20211200,20220100,20220100
2021-11-11,65635.0,65995.0,65995.0,20211200,20220100,20220100
2021-11-12,64820.0,65190.0,65190.0,20211200,20220100,20220100
2021-11-15,64460.0,64860.0,64860.0,20211200,20220100,20220100
2021-11-16,60220.0,60565.0,60565.0,20211200,20220100,20220100
2021-11-17,61060.0,61405.0,61405.0,20211200,20220100,20220100
2021-11-18,58575.0,58945.0,58945.0,20211200,20220100,20220100
2021-11-19,58510.0,58880.0,58880.0,20211200,20220100,20220100
2021-11-22,56330.0,56665.0,56665.0,20211200,20220100,20220100
2021-11-23,58360.0,58710.0,58710.0,20211200,20220100,20220100
2021-11-24,58250.0,58485.0,58485.0,20220100,20220200,20220200
2021-11-26,54835.0,55110.0,55110.0,20220100,20220200,20220200
2021-11-29,58900.0,59190.0,59190.0,20220100,20220200,20220200
2021-11-30,58160.0,58420.0,58420.0,20220100,20220200,20220200
2021-12-01,57385.0,57660.0,57660.0,20220100,20220200,20220200
2021-12-02,57545.0,57840.0,57840.0,20220100,20220200,20220200
2021-12-03,53865.0,54090.0,54090.0,20220100,20220200,20220200
2021-12-06,49315.0,49555.0,49555.0,20220100,20220200,20220200
2021-12-07,50925.0,51165.0,51165.0,20220100,20220200,20220200
2021-12-08,51220.0,51460.0,51460.0,20220100,20220200,20220200
2021-12-09,47940.0,48140.0,48140.0,20220100,20220200,20220200
2021-12-10,48690.0,48880.0,48880.0,20220100,20220200,20220200
2021-12-13,46795.0,46970.0,46970.0,20220100,20220200,20220200
2021-12-14,48050.0,48230.0,48230.0,20220100,20220200,20220200
2021-12-15,49530.0,49725.0,49725.0,20220100,20220200,20220200
2021-12-16,48180.0,48370.0,48370.0,20220100,20220200,20220200
2021-12-17,46430.0,46615.0,46615.0,20220100,20220200,20220200
2021-12-20,47280.0,47490.0,47490.0,20220100,20220200,20220200
2021-12-21,48885.0,49105.0,49105.0,20220100,20220200,20220200
2021-12-22,49230.0,49445.0,49445.0,20220100,20220200,20220200
2021-12-23,51240.0,51455.0,51455.0,20220100,20220200,20220200
2021-12-27,51695.0,51930.0,51930.0,20220200,20220300,20220300
2021-12-28,48120.0,48355.0,48355.0,20220200,20220300,20220300
2021-12-29,47680.0,47915.0,47915.0,20220200,20220300,20220300
2021-12-30,47485.0,47730.0,47730.0,20220200,20220300,20220300
2021-12-31,46015.0,46245.0,46245.0,20220200,20220300,20220300
2022-01-03,46085.0,46315.0,46315.0,20220200,20220300,20220300
2022-01-04,46510.0,46735.0,46735.0,20220200,20220300,20220300
2022-01-05,44020.0,44230.0,44230.0,20220200,20220300,20220300
2022-01-06,43385.0,43555.0,43555.0,20220200,20220300,20220300
2022-01-07,41990.0,42165.0,42165.0,20220200,20220300,20220300
2022-01-10,41870.0,42040.0,42040.0,20220200,20220300,20220300
2022-01-11,42940.0,43110.0,43110.0,20220200,20220300,20220300
2022-01-12,43950.0,44115.0,44115.0,20220200,20220300,20220300
2022-01-13,42790.0,42930.0,42930.0,20220200,20220300,20220300
2022-01-14,43245.0,43395.0,43395.0,20220200,20220300,20220300
2022-01-18,41740.0,41830.0,41830.0,20220200,20220300,20220300
2022-01-19,41645.0,41695.0,41695.0,20220200,20220300,20220300
2022-01-20,42710.0,42775.0,42775.0,20220200,20220300,20220300
2022-01-21,38230.0,38280.0,38280.0,20220200,20220300,20220300
2022-01-24,37280.0,37310.0,37310.0,20220200,20220300,20220300
2022-01-25,36965.0,37045.0,37045.0,20220300,20220400,20220400
2022-01-26,37165.0,37280.0,37280.0,20220300,20220400,20220400
2022-01-27,35720.0,35875.0,35875.0,20220300,20220400,20220400
2022-01-28,37885.0,38010.0,38010.0,20220300,20220400,20220400
2022-01-31,38575.0,38710.0,38710.0,20220300,20220400,20220400
2022-02-01,38690.0,38840.0,38840.0,20220300,20220400,20220400
2022-02-02,37635.0,37775.0,37775.0,20220300,20220400,20220400
2022-02-03,36350.0,36475.0,36475.0,20220300,20220400,20220400
2022-02-04,40715.0,40835.0,40835.0,20220300,20220400,20220400
2022-02-07,44325.0,44430.0,44430.0,20220300,20220400,20220400
2022-02-08,44420.0,44530.0,44530.0,20220300,20220400,20220400
2022-02-09,44925.0,45050.0,45050.0,20220300,20220400,20220400
2022-02-10,44230.0,44350.0,44350.0,20220300,20220400,20220400
2022-02-11,42445.0,42540.0,42540.0,20220300,20220400,20220400
2022-02-14,42260.0,42355.0,42355.0,20220300,20220400,20220400
2022-02-15,44265.0,44365.0,44365.0,20220300,20220400,20220400
2022-02-16,44205.0,44305.0,44305.0,20220300,20220400,20220400
2022-02-17,40930.0,41045.0,41045.0,20220300,20220400,20220400
2022-02-18,39990.0,40090.0,40090.0,20220300,20220400,20220400
2022-02-22,37965.0,38065.0,38065.0,20220300,20220400,20220400
2022-02-23,37755.0,37865.0,37865.0,20220400,20220500,20220500
2022-02-24,38525.0,38660.0,38660.0,20220400,20220500,20220500
2022-02-25,39175.0,39275.0,39275.0,20220400,20220500,20220500
2022-02-28,42050.0,42140.0,42140.0,20220400,20220500,20220500
2022-03-01,44325.0,44425.0,44425.0,20220400,20220500,20220500
2022-03-02,44010.0,44110.0,44110.0,20220400,20220500,20220500
2022-03-03,42210.0,42365.0,42365.0,20220400,20220500,20220500
2022-03-04,39635.0,39780.0,39780.0,20220400,20220500,20220500
2022-03-07,37575.0,37655.0,37655.0,20220400,20220500,20220500
2022-03-08,38555.0,38645.0,38645.0,20220400,20220500,20220500
2022-03-09,41965.0,42070.0,42070.0,20220400,20220500,20220500
2022-03-10,39685.0,39785.0,39785.0,20220400,20220500,20220500
2022-03-11,38380.0,38460.0,38460.0,20220400,20220500,20220500
2022-03-14,38855.0,38935.0,38935.0,20220400,20220500,20220500
2022-03-15,39790.0,39865.0,39865.0,20220400,20220500,20220500
2022-03-16,40945.0,41035.0,41035.0,20220400,20220500,20220500
2022-03-17,40910.0,40990.0,40990.0,20220400,20220500,20220500
2022-03-18,42130.0,42210.0,42210.0,20220400,20220500,20220500
2022-03-21,41260.0,41355.0,41355.0,20220400,20220500,20220500
2022-03-22,42455.0,42610.0,42610.0,20220400,20220500,20220500
2022-03-23,42310.0,42475.0,42475.0,20220400,20220500,20220500
2022-03-24,44165.0,44345.0,44345.0,20220400,20220500,20220500
2022-03-25,44825.0,45005.0,45005.0,20220500,20220600,20220600
2022-03-28,48345.0,48520.0,48520.0,20220500,20220600,20220600
2022-03-29,48055.0,48215.0,48215.0,20220500,20220600,20220600
2022-03-30,47375.0,47525.0,47525.0,20220500,20220600,20220600
2022-03-31,45870.0,46030.0,46030.0,20220500,20220600,20220600
2022-04-01,46680.0,46860.0,46860.0,20220500,20220600,20220600
2022-04-04,46215.0,46380.0,46380.0,20220500,20220600,20220600
2022-04-05,46260.0,46420.0,46420.0,20220500,20220600,20220600
2022-04-06,43850.0,43985.0,43985.0,20220500,20220600,20220600
2022-04-07,43445.0,43590.0,43590.0,20220500,20220600,20220600
2022-04-08,42770.0,42915.0,42915.0,20220500,20220600,20220600
2022-04-11,40015.0,40145.0,40145.0,20220500,20220600,20220600
2022-04-12,39305.0,39390.0,39390.0,20220500,20220600,20220600
2022-04-13,41140.0,41220.0,41220.0,20220500,20220600,20220600
2022-04-14,39835.0,39905.0,39905.0,20220500,20220600,20220600
2022-04-18,40705.0,40765.0,40765.0,20220500,20220600,20220600
2022-04-19,41540.0,41610.0,41610.0,20220500,20220600,20220600
2022-04-20,41255.0,41325.0,41325.0,20220500,20220600,20220600
2022-04-21,41280.0,41355.0,41355.0,20220500,20220600,20220600
2022-04-22,39470.0,39530.0,39530.0,20220500,20220600,20220600
2022-04-25,40320.0,40420.0,40420.0,20220600,20220700,20220700
2022-04-26,38395.0,38515.0,38515.0,20220600,20220700,20220700
2022-04-27,39035.0,39135.0,39135.0,20220600,20220700,20220700
2022-04-28,40165.0,40285.0,40285.0,20220600,20220700,20220700
2022-04-29,38380.0,38475.0,38475.0,20220600,20220700,20220700
2022-05-02,38610.0,38705.0,38705.0,20220600,20220700,20220700
2022-05-03,37735.0,37830.0,37830.0,20220600,20220700,20220700
2022-05-04,39950.0,40015.0,40015.0,20220600,20220700,20220700
2022-05-05,36325.0,36440.0,36440.0,20220600,20220700,20220700
2022-05-06,36000.0,36110.0,36110.0,20220600,20220700,20220700
2022-05-09,30960.0,31030.0,31030.0,20220600,20220700,20220700
2022-05-10,31325.0,31385.0,31385.0,20220600,20220700,20220700
2022-05-11,29220.0,29280.0,29280.0,20220600,20220700,20220700
2022-05-12,28585.0,28630.0,28630.0,20220600,20220700,20220700
2022-05-13,30065.0,30115.0,30115.0,20220600,20220700,20220700
2022-05-16,29525.0,29580.0,29580.0,20220600,20220700,20220700
2022-05-17,30030.0,30105.0,30105.0,20220600,20220700,20220700
2022-05-18,29185.0,29240.0,29240.0,20220600,20220700,20220700
2022-05-19,29955.0,30040.0,30040.0,20220600,20220700,20220700
