DATETIME,CARRY,CARRY_CONTRACT,PRICE,PRICE_CONTRACT,FORWARD,FORWARD_CONTRACT
2019-03-05 06:00:00,9928.5,20190300,9925.0,20190600,,20190900
2019-03-06 06:00:00,9929.0,20190300,9926.0,20190600,,20190900
2019-03-07 06:00:00,9928.5,20190300,9926.5,20190600,,20190900
2019-03-08 06:00:00,9929.0,20190300,9927.0,20190600,,20190900
2019-03-11 05:00:00,9929.0,20190300,9927.0,20190600,,20190900
2019-03-12 05:00:00,9929.5,20190300,9927.0,20190600,,20190900
2019-03-13 05:00:00,9929.5,20190300,9927.0,20190600,,20190900
2019-03-14 05:00:00,9929.5,20190300,9926.5,20190600,,20190900
2019-03-15 05:00:00,9929.0,20190300,9926.5,20190600,,20190900
2019-03-18 05:00:00,9929.5,20190300,9927.5,20190600,,20190900
2019-03-19 05:00:00,9929.5,20190300,9927.5,20190600,,20190900
2019-03-20 05:00:00,9929.25,20190300,9928.0,20190600,,20190900
2019-03-21 05:00:00,9929.75,20190300,9931.0,20190600,,20190900
2019-03-22 05:00:00,9931.0,20190300,9932.5,20190600,,20190900
2019-03-25 05:00:00,9931.0,20190300,9932.5,20190600,,20190900
2019-03-26 05:00:00,9929.5,20190300,9930.0,20190600,,20190900
2019-03-27 05:00:00,9929.75,20190300,9930.5,20190600,,20190900
2019-03-28 05:00:00,9929.75,20190300,9930.0,20190600,,20190900
2019-03-29 05:00:00,9930.0,20190300,9930.5,20190600,,20190900
2019-04-01 05:00:00,9930.0,20190300,9931.0,20190600,,20190900
2019-04-02 05:00:00,9930.25,20190300,9932.0,20190600,,20190900
2019-04-03 05:00:00,9930.25,20190300,9930.5,20190600,,20190900
2019-04-04 05:00:00,9930.25,20190300,9930.0,20190600,,20190900
2019-04-05 05:00:00,9930.0,20190300,9930.0,20190600,,20190900
2019-04-08 05:00:00,9930.0,20190300,9930.5,20190600,,20190900
2019-04-09 05:00:00,9930.0,20190300,9930.5,20190600,,20190900
2019-04-10 05:00:00,9930.0,20190300,9931.0,20190600,,20190900
2019-04-11 05:00:00,9929.5,20190300,9929.0,20190600,,20190900
2019-04-12 05:00:00,9929.5,20190300,9928.0,20190600,,20190900
2019-04-15 05:00:00,9929.5,20190300,9928.0,20190600,,20190900
2019-04-16 05:00:00,9929.5,20190300,9928.0,20190600,,20190900
2019-04-17 05:00:00,9929.5,20190300,9928.0,20190600,,20190900
2019-04-18 05:00:00,9929.5,20190300,9928.0,20190600,,20190900
2019-04-22 05:00:00,9929.5,20190300,9928.0,20190600,,20190900
2019-04-23 05:00:00,9929.5,20190300,9927.5,20190600,,20190900
2019-04-24 05:00:00,9929.5,20190300,9927.5,20190600,,20190900
2019-04-25 05:00:00,9929.0,20190300,9927.0,20190600,,20190900
2019-04-26 05:00:00,9929.0,20190300,9927.0,20190600,,20190900
2019-04-29 05:00:00,9929.0,20190300,9926.5,20190600,,20190900
2019-04-30 05:00:00,,20190300,9926.0,20190600,,20190900
2019-05-01 05:00:00,,20190300,9926.0,20190600,,20190900
2019-05-02 05:00:00,,20190300,9927.0,20190600,,20190900
2019-05-03 05:00:00,,20190300,9926.5,20190600,,20190900
2019-05-06 05:00:00,,20190300,9926.5,20190600,,20190900
2019-05-07 05:00:00,,20190300,9927.0,20190600,,20190900
2019-05-08 05:00:00,,20190300,9927.5,20190600,,20190900
2019-05-09 05:00:00,,20190300,9928.0,20190600,,20190900
2019-05-10 05:00:00,,20190300,9928.0,20190600,,20190900
2019-05-13 05:00:00,,20190300,9928.0,20190600,,20190900
2019-05-14 05:00:00,,20190300,9928.0,20190600,,20190900
2019-05-15 05:00:00,,20190300,9928.0,20190600,,20190900
2019-05-16 05:00:00,,20190300,9928.0,20190600,,20190900
2019-05-17 05:00:00,,20190300,9928.5,20190600,,20190900
2019-05-20 05:00:00,,20190300,9928.5,20190600,,20190900
2019-05-21 05:00:00,,20190300,9928.0,20190600,,20190900
2019-05-22 05:00:00,,20190300,9928.5,20190600,,20190900
2019-05-23 05:00:00,,20190300,9928.5,20190600,,20190900
2019-05-24 05:00:00,,20190300,9928.5,20190600,,20190900
2019-05-28 05:00:00,,20190300,9928.5,20190600,,20190900
2019-05-29 05:00:00,,20190300,9929.0,20190600,,20190900
2019-05-30 05:00:00,,20190300,9929.0,20190600,,20190900
2019-05-31 05:00:00,,20190300,9929.0,20190600,,20190900
2019-06-03 05:00:00,,20190300,9929.5,20190600,9931.0,20190900
2019-06-04 05:00:00,9929.0,20190600,9930.0,20190900,,20191200
2019-06-05 05:00:00,9929.0,20190600,9931.5,20190900,,20191200
2019-06-06 05:00:00,9929.5,20190600,9932.5,20190900,,20191200
2019-06-07 05:00:00,9929.5,20190600,9933.0,20190900,,20191200
2019-06-10 05:00:00,9929.5,20190600,9932.0,20190900,,20191200
2019-06-11 05:00:00,9929.0,20190600,9930.0,20190900,,20191200
2019-06-12 05:00:00,9929.0,20190600,9929.5,20190900,,20191200
2019-06-13 05:00:00,9929.0,20190600,9930.5,20190900,,20191200
2019-06-14 05:00:00,9929.0,20190600,9930.5,20190900,,20191200
2019-06-17 05:00:00,9929.0,20190600,9929.5,20190900,,20191200
2019-06-18 05:00:00,9929.0,20190600,9930.5,20190900,,20191200
2019-06-19 05:00:00,9928.5,20190600,9929.0,20190900,,20191200
2019-06-20 05:00:00,9929.0,20190600,9931.5,20190900,,20191200
2019-06-21 05:00:00,9929.0,20190600,9931.0,20190900,,20191200
2019-06-24 05:00:00,9928.75,20190600,9931.5,20190900,,20191200
2019-06-25 05:00:00,9928.75,20190600,9931.5,20190900,,20191200
2019-06-26 05:00:00,9928.75,20190600,9931.0,20190900,,20191200
2019-06-27 05:00:00,9928.75,20190600,9931.0,20190900,,20191200
2019-06-28 05:00:00,9928.75,20190600,9931.0,20190900,,20191200
2019-07-01 05:00:00,9929.0,20190600,9931.0,20190900,,20191200
2019-07-02 05:00:00,9930.0,20190600,9937.0,20190900,,20191200
2019-07-03 05:00:00,9930.0,20190600,9937.0,20190900,,20191200
2019-07-05 05:00:00,9929.75,20190600,9935.0,20190900,,20191200
2019-07-08 05:00:00,9929.25,20190600,9936.0,20190900,,20191200
2019-07-09 05:00:00,9929.5,20190600,9935.5,20190900,,20191200
2019-07-10 05:00:00,9929.5,20190600,9935.0,20190900,,20191200
2019-07-11 05:00:00,9929.5,20190600,9934.5,20190900,,20191200
2019-07-12 05:00:00,9929.5,20190600,9934.5,20190900,,20191200
2019-07-15 05:00:00,9929.5,20190600,9934.5,20190900,,20191200
2019-07-16 05:00:00,9929.5,20190600,9935.5,20190900,,20191200
2019-07-17 05:00:00,9929.5,20190600,9936.0,20190900,,20191200
2019-07-18 05:00:00,9929.5,20190600,9935.5,20190900,,20191200
2019-07-19 05:00:00,9930.0,20190600,9935.5,20190900,,20191200
2019-07-22 05:00:00,9930.0,20190600,9935.5,20190900,,20191200
2019-07-23 05:00:00,9930.0,20190600,9935.5,20190900,,20191200
2019-07-24 05:00:00,9929.5,20190600,9935.0,20190900,,20191200
2019-07-25 05:00:00,9929.5,20190600,9935.0,20190900,,20191200
2019-07-26 05:00:00,9929.5,20190600,9935.0,20190900,,20191200
2019-07-29 05:00:00,9929.5,20190600,9935.0,20190900,,20191200
2019-07-30 05:00:00,9929.5,20190600,9935.0,20190900,,20191200
2019-07-31 05:00:00,,20190600,9935.0,20190900,,20191200
2019-08-01 05:00:00,,20190600,9933.0,20190900,,20191200
2019-08-02 05:00:00,,20190600,9933.5,20190900,,20191200
2019-08-05 05:00:00,,20190600,9934.5,20190900,,20191200
2019-08-06 05:00:00,,20190600,9934.5,20190900,,20191200
2019-08-07 05:00:00,,20190600,9934.5,20190900,,20191200
2019-08-08 05:00:00,,20190600,9934.5,20190900,,20191200
2019-08-09 05:00:00,,20190600,9935.0,20190900,,20191200
2019-08-12 05:00:00,,20190600,9935.5,20190900,,20191200
2019-08-13 05:00:00,,20190600,9934.5,20190900,,20191200
2019-08-14 05:00:00,,20190600,9934.0,20190900,,20191200
2019-08-15 05:00:00,,20190600,9934.0,20190900,,20191200
2019-08-16 05:00:00,,20190600,9933.5,20190900,,20191200
2019-08-19 05:00:00,,20190600,9933.5,20190900,,20191200
2019-08-20 05:00:00,,20190600,9933.5,20190900,,20191200
2019-08-21 05:00:00,,20190600,9933.5,20190900,,20191200
2019-08-22 05:00:00,,20190600,9933.0,20190900,,20191200
2019-08-23 05:00:00,,20190600,9933.5,20190900,,20191200
2019-08-26 05:00:00,,20190600,9933.5,20190900,,20191200
2019-08-27 05:00:00,,20190600,9934.0,20190900,,20191200
2019-08-28 05:00:00,,20190600,9934.5,20190900,,20191200
2019-08-29 05:00:00,,20190600,9934.5,20190900,,20191200
2019-08-30 05:00:00,,20190600,9934.5,20190900,,20191200
2019-09-03 05:00:00,,20190600,9934.5,20190900,9951.5,20191200
2019-09-04 05:00:00,9933.0,20190900,9947.0,20191200,,20200300
2019-09-05 05:00:00,9931.5,20190900,9941.5,20191200,,20200300
2019-09-06 05:00:00,9931.5,20190900,9941.5,20191200,,20200300
2019-09-09 05:00:00,9931.0,20190900,9940.0,20191200,,20200300
2019-09-10 05:00:00,9930.5,20190900,9938.5,20191200,,20200300
2019-09-11 05:00:00,9930.0,20190900,9936.5,20191200,,20200300
2019-09-12 05:00:00,9929.5,20190900,9935.5,20191200,,20200300
2019-09-13 05:00:00,9929.0,20190900,9932.5,20191200,,20200300
2019-09-16 05:00:00,9929.0,20190900,9934.0,20191200,,20200300
2019-09-17 05:00:00,9930.0,20190900,9935.5,20191200,,20200300
2019-09-18 05:00:00,9930.0,20190900,9937.5,20191200,,20200300
2019-09-19 05:00:00,9930.5,20190900,9937.0,20191200,,20200300
2019-09-20 05:00:00,9930.5,20190900,9936.5,20191200,,20200300
2019-09-23 05:00:00,9930.5,20190900,9936.5,20191200,,20200300
2019-09-24 05:00:00,9930.5,20190900,9936.5,20191200,,20200300
2019-09-25 05:00:00,9930.5,20190900,9936.5,20191200,,20200300
2019-09-26 05:00:00,9930.0,20190900,9936.5,20191200,,20200300
2019-09-27 05:00:00,9931.5,20190900,9940.5,20191200,,20200300
2019-09-30 05:00:00,9931.5,20190900,9941.5,20191200,,20200300
2019-10-01 05:00:00,,20190900,9941.5,20191200,,20200300
2019-10-02 05:00:00,9931.0,20190900,9941.5,20191200,,20200300
2019-10-03 05:00:00,9931.5,20190900,9943.5,20191200,,20200300
2019-10-04 05:00:00,9931.5,20190900,9943.5,20191200,,20200300
2019-10-07 05:00:00,9931.5,20190900,9943.5,20191200,,20200300
2019-10-08 05:00:00,9931.5,20190900,9946.0,20191200,,20200300
2019-10-09 05:00:00,9932.0,20190900,9946.0,20191200,,20200300
2019-10-10 05:00:00,9931.0,20190900,9942.5,20191200,,20200300
2019-10-11 05:00:00,9929.5,20190900,9937.5,20191200,,20200300
2019-10-14 05:00:00,9930.0,20190900,9938.5,20191200,,20200300
2019-10-15 05:00:00,9930.0,20190900,9937.0,20191200,,20200300
2019-10-16 05:00:00,9930.5,20190900,9936.5,20191200,,20200300
2019-10-17 05:00:00,9930.0,20190900,9935.5,20191200,,20200300
2019-10-18 05:00:00,9930.0,20190900,9936.0,20191200,,20200300
2019-10-21 05:00:00,9930.0,20190900,9935.5,20191200,,20200300
2019-10-22 05:00:00,9930.0,20190900,9937.0,20191200,,20200300
2019-10-23 05:00:00,9930.0,20190900,9935.0,20191200,,20200300
2019-10-24 05:00:00,9930.0,20190900,9935.5,20191200,,20200300
2019-10-25 05:00:00,9930.0,20190900,9935.5,20191200,,20200300
2019-10-28 05:00:00,9929.5,20190900,9935.0,20191200,,20200300
2019-10-29 05:00:00,9929.0,20190900,9933.5,20191200,,20200300
2019-10-30 05:00:00,9929.5,20190900,9934.0,20191200,,20200300
2019-10-31 05:00:00,,20190900,9933.5,20191200,,20200300
2019-11-01 05:00:00,,20190900,9933.0,20191200,,20200300
2019-11-04 06:00:00,,20190900,9933.0,20191200,,20200300
2019-11-05 06:00:00,,20190900,9933.0,20191200,,20200300
2019-11-06 06:00:00,,20190900,9933.5,20191200,,20200300
2019-11-07 06:00:00,,20190900,9935.5,20191200,,20200300
2019-11-08 06:00:00,,20190900,9935.5,20191200,,20200300
2019-11-11 06:00:00,,20190900,9934.5,20191200,,20200300
2019-11-12 06:00:00,,20190900,9934.0,20191200,,20200300
2019-11-13 06:00:00,,20190900,9934.5,20191200,,20200300
2019-11-14 06:00:00,,20190900,9935.0,20191200,,20200300
2019-11-15 06:00:00,,20190900,9934.5,20191200,,20200300
2019-11-18 06:00:00,,20190900,9934.0,20191200,,20200300
2019-11-19 06:00:00,,20190900,9934.0,20191200,,20200300
2019-11-20 06:00:00,,20190900,9933.5,20191200,,20200300
2019-11-21 06:00:00,,20190900,9933.5,20191200,,20200300
2019-11-22 06:00:00,,20190900,9935.0,20191200,,20200300
2019-11-25 06:00:00,,20190900,9935.0,20191200,,20200300
2019-11-26 06:00:00,,20190900,9935.0,20191200,,20200300
2019-11-27 06:00:00,,20190900,9934.5,20191200,,20200300
2019-11-29 06:00:00,,20190900,9934.0,20191200,,20200300
2019-12-02 06:00:00,,20190900,9934.0,20191200,9939.0,20200300
2019-12-03 06:00:00,9934.0,20191200,9940.0,20200300,,20200600
2019-12-04 06:00:00,9933.0,20191200,9937.5,20200300,,20200600
2019-12-05 06:00:00,9932.5,20191200,9937.0,20200300,,20200600
2019-12-06 06:00:00,9932.5,20191200,9937.0,20200300,,20200600
2019-12-09 06:00:00,9932.5,20191200,9937.0,20200300,,20200600
2019-12-10 06:00:00,9933.0,20191200,9937.0,20200300,,20200600
2019-12-11 06:00:00,9933.5,20191200,9938.0,20200300,,20200600
2019-12-12 06:00:00,9934.0,20191200,9939.0,20200300,,20200600
2019-12-13 06:00:00,9930.5,20191200,9935.5,20200300,,20200600
2019-12-16 06:00:00,9930.5,20191200,9935.5,20200300,,20200600
2019-12-17 06:00:00,9931.5,20191200,9938.5,20200300,,20200600
2019-12-18 06:00:00,9931.5,20191200,9939.0,20200300,,20200600
2019-12-19 06:00:00,9930.0,20191200,9936.5,20200300,,20200600
2019-12-20 06:00:00,9930.0,20191200,9935.0,20200300,,20200600
2019-12-23 06:00:00,9929.0,20191200,9934.5,20200300,,20200600
2019-12-24 06:00:00,9929.0,20191200,9934.0,20200300,,20200600
2019-12-26 06:00:00,9929.0,20191200,9934.0,20200300,,20200600
2019-12-27 06:00:00,9929.25,20191200,9934.0,20200300,,20200600
2019-12-30 06:00:00,9929.25,20191200,9934.0,20200300,,20200600
2019-12-31 06:00:00,9929.25,20191200,9934.5,20200300,,20200600
2020-01-02 06:00:00,,20191200,9935.5,20200300,,20200600
2020-01-03 06:00:00,,20191200,9935.5,20200300,,20200600
2020-01-06 06:00:00,,20191200,9934.5,20200300,,20200600
2020-01-07 06:00:00,,20191200,9934.0,20200300,,20200600
2020-01-08 06:00:00,,20191200,9934.0,20200300,,20200600
2020-01-09 06:00:00,,20191200,9937.0,20200300,,20200600
2020-01-10 06:00:00,,20191200,9940.0,20200300,,20200600
2020-01-13 06:00:00,,20191200,9946.5,20200300,,20200600
2020-01-14 06:00:00,,20191200,9946.0,20200300,,20200600
2020-01-15 06:00:00,,20191200,9950.5,20200300,,20200600
2020-01-16 06:00:00,,20191200,9949.5,20200300,,20200600
2020-01-17 06:00:00,,20191200,9952.0,20200300,,20200600
2020-01-21 06:00:00,,20191200,9950.5,20200300,,20200600
2020-01-22 06:00:00,,20191200,9948.5,20200300,,20200600
2020-01-23 06:00:00,,20191200,9949.5,20200300,,20200600
2020-01-24 06:00:00,,20191200,9949.0,20200300,,20200600
2020-01-27 06:00:00,,20191200,9950.5,20200300,,20200600
2020-01-28 06:00:00,,20191200,9948.0,20200300,,20200600
2020-01-29 06:00:00,,20191200,9947.5,20200300,,20200600
2020-01-30 06:00:00,,20191200,9938.5,20200300,,20200600
2020-01-31 06:00:00,,20191200,9938.0,20200300,,20200600
2020-02-03 06:00:00,,20191200,9937.5,20200300,,20200600
2020-02-04 06:00:00,,20191200,9935.0,20200300,,20200600
2020-02-05 06:00:00,,20191200,9934.5,20200300,,20200600
2020-02-06 06:00:00,,20191200,9935.0,20200300,,20200600
2020-02-07 06:00:00,,20191200,9935.5,20200300,,20200600
2020-02-10 06:00:00,,20191200,9935.0,20200300,,20200600
2020-02-11 06:00:00,,20191200,9934.5,20200300,,20200600
2020-02-12 06:00:00,,20191200,9934.5,20200300,,20200600
2020-02-13 06:00:00,,20191200,9934.0,20200300,,20200600
2020-02-14 06:00:00,,20191200,9933.5,20200300,,20200600
2020-02-18 06:00:00,,20191200,9933.5,20200300,,20200600
2020-02-19 06:00:00,,20191200,9933.5,20200300,,20200600
2020-02-20 06:00:00,,20191200,9933.5,20200300,,20200600
2020-02-21 06:00:00,,20191200,9933.5,20200300,,20200600
2020-02-24 06:00:00,,20191200,9935.5,20200300,,20200600
2020-02-25 06:00:00,,20191200,9936.5,20200300,,20200600
2020-02-26 06:00:00,,20191200,9937.0,20200300,,20200600
2020-02-27 06:00:00,,20191200,9942.0,20200300,,20200600
2020-02-28 06:00:00,,20191200,9949.0,20200300,,20200600
2020-03-02 06:00:00,,20191200,9955.5,20200300,9966.0,20200600
2020-03-03 06:00:00,9961.0,20200300,9970.5,20200600,,20200900
2020-03-04 06:00:00,9969.0,20200300,9977.5,20200600,,20200900
2020-03-05 06:00:00,9965.0,20200300,9975.5,20200600,,20200900
2020-03-06 06:00:00,9965.5,20200300,9974.5,20200600,,20200900
2020-03-09 05:00:00,9971.0,20200300,9978.0,20200600,,20200900
2020-03-10 05:00:00,9967.0,20200300,9975.0,20200600,,20200900
2020-03-11 05:00:00,9983.5,20200300,9986.5,20200600,,20200900
2020-03-12 05:00:00,9982.0,20200300,9986.0,20200600,,20200900
2020-03-13 05:00:00,9981.5,20200300,9986.0,20200600,,20200900
2020-03-16 05:00:00,9987.5,20200300,9989.0,20200600,,20200900
2020-03-17 05:00:00,9986.0,20200300,9987.5,20200600,,20200900
2020-03-18 05:00:00,9984.5,20200300,9986.5,20200600,,20200900
2020-03-19 05:00:00,9992.5,20200300,9993.0,20200600,,20200900
2020-03-20 05:00:00,9994.0,20200300,9993.5,20200600,,20200900
2020-03-23 05:00:00,9992.5,20200300,9992.0,20200600,,20200900
2020-03-24 05:00:00,9992.5,20200300,9991.0,20200600,,20200900
2020-03-25 05:00:00,9993.0,20200300,9992.0,20200600,,20200900
2020-03-26 05:00:00,9993.0,20200300,9991.5,20200600,,20200900
2020-03-27 05:00:00,9992.5,20200300,9991.0,20200600,,20200900
2020-03-30 05:00:00,9993.0,20200300,9992.0,20200600,,20200900
2020-03-31 05:00:00,9993.0,20200300,9992.0,20200600,,20200900
2020-04-01 05:00:00,,20200300,9991.5,20200600,,20200900
2020-04-02 05:00:00,9992.0,20200300,9991.5,20200600,,20200900
2020-04-03 05:00:00,9991.5,20200300,9991.5,20200600,,20200900
2020-04-06 05:00:00,9993.0,20200300,9992.0,20200600,,20200900
2020-04-07 05:00:00,9993.0,20200300,9991.0,20200600,,20200900
2020-04-08 05:00:00,9992.5,20200300,9991.0,20200600,,20200900
2020-04-09 05:00:00,9993.0,20200300,9991.5,20200600,,20200900
2020-04-13 05:00:00,9993.0,20200300,9991.5,20200600,,20200900
2020-04-14 05:00:00,9992.5,20200300,9992.5,20200600,,20200900
2020-04-15 05:00:00,9992.5,20200300,9991.0,20200600,,20200900
2020-04-16 05:00:00,9992.5,20200300,9991.0,20200600,,20200900
2020-04-17 05:00:00,9993.0,20200300,9991.5,20200600,,20200900
2020-04-20 05:00:00,9993.5,20200300,9991.5,20200600,,20200900
2020-04-21 05:00:00,9993.5,20200300,9991.5,20200600,,20200900
2020-04-22 05:00:00,9993.5,20200300,9991.5,20200600,,20200900
2020-04-23 05:00:00,9993.5,20200300,9992.0,20200600,,20200900
2020-04-24 05:00:00,9993.0,20200300,9992.0,20200600,,20200900
2020-04-27 05:00:00,9993.0,20200300,9992.5,20200600,,20200900
2020-04-28 05:00:00,9993.0,20200300,9992.5,20200600,,20200900
2020-04-29 05:00:00,9993.0,20200300,9992.5,20200600,,20200900
2020-04-30 05:00:00,,20200300,9992.5,20200600,,20200900
2020-05-01 05:00:00,,20200300,9993.0,20200600,,20200900
2020-05-04 05:00:00,,20200300,9993.5,20200600,,20200900
2020-05-05 05:00:00,,20200300,9993.5,20200600,,20200900
2020-05-06 05:00:00,,20200300,9994.0,20200600,,20200900
2020-05-07 05:00:00,,20200300,9993.5,20200600,,20200900
2020-05-08 05:00:00,,20200300,9993.5,20200600,,20200900
2020-05-11 05:00:00,,20200300,9993.5,20200600,,20200900
2020-05-12 05:00:00,,20200300,9994.0,20200600,,20200900
2020-05-13 05:00:00,,20200300,9994.0,20200600,,20200900
2020-05-14 05:00:00,,20200300,9993.5,20200600,,20200900
2020-05-15 05:00:00,,20200300,9993.5,20200600,,20200900
2020-05-18 05:00:00,,20200300,9994.0,20200600,,20200900
2020-05-19 05:00:00,,20200300,9994.0,20200600,,20200900
2020-05-20 05:00:00,,20200300,9994.5,20200600,,20200900
2020-05-21 05:00:00,,20200300,9994.5,20200600,,20200900
2020-05-22 05:00:00,,20200300,9995.0,20200600,,20200900
2020-05-26 05:00:00,,20200300,9993.5,20200600,,20200900
2020-05-27 05:00:00,,20200300,9993.5,20200600,,20200900
2020-05-28 05:00:00,,20200300,9994.0,20200600,,20200900
2020-05-29 05:00:00,,20200300,9995.0,20200600,,20200900
2020-06-01 05:00:00,,20200300,9994.5,20200600,,20200900
2020-06-02 05:00:00,,20200300,9994.0,20200600,9997.5,20200900
2020-06-03 05:00:00,9994.0,20200600,9997.0,20200900,,20201200
2020-06-04 05:00:00,9994.0,20200600,9996.0,20200900,,20201200
2020-06-05 05:00:00,9993.5,20200600,9995.5,20200900,,20201200
2020-06-08 05:00:00,9994.0,20200600,9995.5,20200900,,20201200
2020-06-09 05:00:00,9993.5,20200600,9995.0,20200900,,20201200
2020-06-10 05:00:00,9994.0,20200600,9996.0,20200900,,20201200
2020-06-11 05:00:00,9993.5,20200600,9996.0,20200900,,20201200
2020-06-12 05:00:00,9994.0,20200600,9996.5,20200900,,20201200
2020-06-15 05:00:00,9994.5,20200600,9996.5,20200900,,20201200
2020-06-16 05:00:00,9994.0,20200600,9997.0,20200900,,20201200
2020-06-17 05:00:00,9994.0,20200600,9997.5,20200900,,20201200
2020-06-18 05:00:00,9993.5,20200600,9997.0,20200900,,20201200
2020-06-19 05:00:00,9993.5,20200600,9996.0,20200900,,20201200
2020-06-22 05:00:00,9993.5,20200600,9996.0,20200900,,20201200
2020-06-23 05:00:00,9993.5,20200600,9996.0,20200900,,20201200
2020-06-24 05:00:00,9993.5,20200600,9995.0,20200900,,20201200
2020-06-25 05:00:00,9993.5,20200600,9995.5,20200900,,20201200
2020-06-26 05:00:00,9994.0,20200600,9996.0,20200900,,20201200
2020-06-29 05:00:00,9994.0,20200600,9996.0,20200900,,20201200
2020-06-30 05:00:00,9994.0,20200600,9996.0,20200900,,20201200
2020-07-01 05:00:00,,20200600,9995.5,20200900,,20201200
2020-07-02 05:00:00,9994.0,20200600,9995.5,20200900,,20201200
2020-07-06 05:00:00,9994.0,20200600,9995.5,20200900,,20201200
2020-07-07 05:00:00,9994.0,20200600,9996.0,20200900,,20201200
2020-07-08 05:00:00,9994.5,20200600,9996.0,20200900,,20201200
2020-07-09 05:00:00,9994.5,20200600,9996.0,20200900,,20201200
2020-07-10 05:00:00,9994.0,20200600,9995.5,20200900,,20201200
2020-07-13 05:00:00,9994.0,20200600,9995.0,20200900,,20201200
2020-07-14 05:00:00,9994.5,20200600,9996.5,20200900,,20201200
2020-07-15 05:00:00,9994.5,20200600,9997.0,20200900,,20201200
2020-07-16 05:00:00,9994.5,20200600,9997.0,20200900,,20201200
2020-07-17 05:00:00,9994.0,20200600,9996.5,20200900,,20201200
2020-07-20 05:00:00,9994.0,20200600,9996.0,20200900,,20201200
2020-07-21 05:00:00,9994.0,20200600,9996.0,20200900,,20201200
2020-07-22 05:00:00,9994.5,20200600,9996.5,20200900,,20201200
2020-07-23 05:00:00,9994.5,20200600,9996.0,20200900,,20201200
2020-07-24 05:00:00,9994.0,20200600,9995.5,20200900,,20201200
2020-07-27 05:00:00,9994.5,20200600,9996.0,20200900,,20201200
2020-07-28 05:00:00,9994.0,20200600,9996.5,20200900,,20201200
2020-07-29 05:00:00,9994.0,20200600,9997.0,20200900,,20201200
2020-07-30 05:00:00,9994.0,20200600,9996.5,20200900,,20201200
2020-07-31 05:00:00,,20200600,9996.5,20200900,,20201200
2020-08-03 05:00:00,,20200600,9996.5,20200900,,20201200
2020-08-04 05:00:00,,20200600,9997.0,20200900,,20201200
2020-08-05 05:00:00,,20200600,9996.5,20200900,,20201200
2020-08-06 05:00:00,,20200600,9995.0,20200900,,20201200
2020-08-07 05:00:00,,20200600,9995.0,20200900,,20201200
2020-08-10 05:00:00,,20200600,9995.0,20200900,,20201200
2020-08-11 05:00:00,,20200600,9994.5,20200900,,20201200
2020-08-12 05:00:00,,20200600,9994.5,20200900,,20201200
2020-08-13 05:00:00,,20200600,9994.5,20200900,,20201200
2020-08-14 05:00:00,,20200600,9994.5,20200900,,20201200
2020-08-17 05:00:00,,20200600,9995.0,20200900,,20201200
2020-08-18 05:00:00,,20200600,9995.0,20200900,,20201200
2020-08-19 05:00:00,,20200600,9995.0,20200900,,20201200
2020-08-20 05:00:00,,20200600,9994.5,20200900,,20201200
2020-08-21 05:00:00,,20200600,9994.5,20200900,,20201200
2020-08-24 05:00:00,,20200600,9994.5,20200900,,20201200
2020-08-25 05:00:00,,20200600,9994.5,20200900,,20201200
2020-08-26 05:00:00,,20200600,9994.5,20200900,,20201200
2020-08-27 05:00:00,,20200600,9994.5,20200900,,20201200
2020-08-28 05:00:00,,20200600,9994.5,20200900,,20201200
2020-08-31 05:00:00,,20200600,9994.5,20200900,,20201200
2020-09-01 05:00:00,,20200600,9995.0,20200900,,20201200
2020-09-02 05:00:00,,20200600,9995.0,20200900,9997.5,20201200
2020-09-03 05:00:00,9995.0,20200900,9997.5,20201200,,20210300
2020-09-04 05:00:00,9995.0,20200900,9997.5,20201200,,20210300
2020-09-08 05:00:00,9995.0,20200900,10000.0,20201200,,20210300
2020-09-09 05:00:00,9995.0,20200900,10000.0,20201200,,20210300
2020-09-10 05:00:00,9995.0,20200900,10001.0,20201200,,20210300
2020-09-11 05:00:00,9995.5,20200900,10002.5,20201200,,20210300
2020-09-14 05:00:00,9995.5,20200900,10002.5,20201200,,20210300
2020-09-15 05:00:00,9995.0,20200900,10001.5,20201200,,20210300
2020-09-16 05:00:00,9995.0,20200900,10000.0,20201200,,20210300
2020-09-17 05:00:00,9995.0,20200900,10001.0,20201200,,20210300
2020-09-18 05:00:00,9995.5,20200900,10001.5,20201200,,20210300
2020-09-21 05:00:00,9995.5,20200900,10002.0,20201200,,20210300
2020-09-22 05:00:00,9995.0,20200900,9998.5,20201200,,20210300
2020-09-23 05:00:00,9994.5,20200900,9997.5,20201200,,20210300
2020-09-24 05:00:00,9995.0,20200900,9998.0,20201200,,20210300
2020-09-25 05:00:00,9994.5,20200900,9998.0,20201200,,20210300
2020-09-28 05:00:00,9995.0,20200900,9998.5,20201200,,20210300
2020-09-29 05:00:00,9994.5,20200900,9997.5,20201200,,20210300
2020-09-30 05:00:00,9995.0,20200900,9997.5,20201200,,20210300
2020-10-01 05:00:00,,20200900,9997.0,20201200,,20210300
2020-10-02 05:00:00,9994.5,20200900,9996.5,20201200,,20210300
2020-10-05 05:00:00,9994.5,20200900,9996.5,20201200,,20210300
2020-10-06 05:00:00,9994.5,20200900,9996.5,20201200,,20210300
2020-10-07 05:00:00,9994.5,20200900,9996.5,20201200,,20210300
2020-10-08 05:00:00,9994.5,20200900,9996.5,20201200,,20210300
2020-10-09 05:00:00,9994.5,20200900,9996.5,20201200,,20210300
2020-10-12 05:00:00,9994.5,20200900,9996.5,20201200,,20210300
2020-10-13 05:00:00,9995.0,20200900,9997.0,20201200,,20210300
2020-10-14 05:00:00,9994.5,20200900,9997.0,20201200,,20210300
2020-10-15 05:00:00,9994.5,20200900,9997.0,20201200,,20210300
2020-10-16 05:00:00,9994.5,20200900,9997.5,20201200,,20210300
2020-10-19 05:00:00,9994.5,20200900,9997.0,20201200,,20210300
2020-10-20 05:00:00,9994.5,20200900,9997.5,20201200,,20210300
2020-10-21 05:00:00,9994.5,20200900,9996.5,20201200,,20210300
2020-10-22 05:00:00,9994.5,20200900,9996.5,20201200,,20210300
2020-10-23 05:00:00,9994.5,20200900,9996.5,20201200,,20210300
2020-10-26 05:00:00,9994.5,20200900,9996.5,20201200,,20210300
2020-10-27 05:00:00,9994.5,20200900,9996.5,20201200,,20210300
2020-10-28 05:00:00,9994.5,20200900,9997.0,20201200,,20210300
2020-10-29 05:00:00,9994.5,20200900,9997.5,20201200,,20210300
2020-10-30 05:00:00,,20200900,9997.5,20201200,,20210300
2020-11-02 06:00:00,,20200900,9998.0,20201200,,20210300
2020-11-03 06:00:00,,20200900,9997.5,20201200,,20210300
2020-11-04 06:00:00,,20200900,9997.5,20201200,,20210300
2020-11-05 06:00:00,,20200900,9996.5,20201200,,20210300
2020-11-06 06:00:00,,20200900,9996.5,20201200,,20210300
2020-11-09 06:00:00,,20200900,9996.0,20201200,,20210300
2020-11-10 06:00:00,,20200900,9996.0,20201200,,20210300
2020-11-11 06:00:00,,20200900,9996.0,20201200,,20210300
2020-11-12 06:00:00,,20200900,9996.0,20201200,,20210300
2020-11-13 06:00:00,,20200900,9996.0,20201200,,20210300
2020-11-16 06:00:00,,20200900,9995.5,20201200,,20210300
2020-11-17 06:00:00,,20200900,9995.5,20201200,,20210300
2020-11-18 06:00:00,,20200900,9995.5,20201200,,20210300
2020-11-19 06:00:00,,20200900,9995.5,20201200,,20210300
2020-11-20 06:00:00,,20200900,9996.0,20201200,,20210300
2020-11-23 06:00:00,,20200900,9995.5,20201200,,20210300
2020-11-24 06:00:00,,20200900,9995.5,20201200,,20210300
2020-11-25 06:00:00,,20200900,9995.5,20201200,,20210300
2020-11-27 06:00:00,,20200900,9995.5,20201200,,20210300
2020-11-30 06:00:00,,20200900,9995.5,20201200,,20210300
2020-12-01 06:00:00,,20200900,9995.5,20201200,9997.0,20210300
2020-12-02 06:00:00,9995.5,20201200,9997.5,20210300,,20210600
2020-12-03 06:00:00,9995.5,20201200,9997.5,20210300,,20210600
2020-12-04 06:00:00,9995.5,20201200,9998.5,20210300,,20210600
2020-12-07 06:00:00,9997.0,20201200,9999.5,20210300,,20210600
2020-12-08 06:00:00,9997.0,20201200,10000.0,20210300,,20210600
2020-12-09 06:00:00,9996.5,20201200,9999.0,20210300,,20210600
2020-12-10 06:00:00,9997.5,20201200,10001.0,20210300,,20210600
2020-12-11 06:00:00,9998.5,20201200,10002.0,20210300,,20210600
2020-12-14 06:00:00,9997.0,20201200,10000.0,20210300,,20210600
2020-12-15 06:00:00,9996.0,20201200,9998.5,20210300,,20210600
2020-12-16 06:00:00,9995.5,20201200,9997.0,20210300,,20210600
2020-12-17 06:00:00,9995.5,20201200,9997.5,20210300,,20210600
2020-12-18 06:00:00,9996.0,20201200,9998.5,20210300,,20210600
2020-12-21 06:00:00,9997.5,20201200,10000.5,20210300,,20210600
2020-12-22 06:00:00,9996.5,20201200,10000.0,20210300,,20210600
2020-12-23 06:00:00,9996.0,20201200,9998.5,20210300,,20210600
2020-12-24 06:00:00,9996.5,20201200,9998.5,20210300,,20210600
2020-12-28 06:00:00,9996.5,20201200,9998.5,20210300,,20210600
2020-12-29 06:00:00,9995.75,20201200,9999.0,20210300,,20210600
2020-12-30 06:00:00,9996.0,20201200,9998.5,20210300,,20210600
2020-12-31 06:00:00,9996.0,20201200,9998.5,20210300,,20210600
2021-01-04 06:00:00,9997.0,20201200,10000.5,20210300,,20210600
2021-01-05 06:00:00,9997.0,20201200,10001.5,20210300,,20210600
2021-01-06 06:00:00,9996.5,20201200,10001.0,20210300,,20210600
2021-01-07 06:00:00,9996.25,20201200,10000.5,20210300,,20210600
2021-01-08 06:00:00,9996.0,20201200,10000.5,20210300,,20210600
2021-01-11 06:00:00,9996.0,20201200,10000.0,20210300,,20210600
2021-01-12 06:00:00,9995.75,20201200,9998.5,20210300,,20210600
2021-01-13 06:00:00,9995.5,20201200,9998.5,20210300,,20210600
2021-01-14 06:00:00,9995.75,20201200,10000.0,20210300,,20210600
2021-01-15 06:00:00,9995.75,20201200,9999.5,20210300,,20210600
2021-01-19 06:00:00,9995.75,20201200,9999.5,20210300,,20210600
2021-01-20 06:00:00,9995.5,20201200,9998.5,20210300,,20210600
2021-01-21 06:00:00,9995.5,20201200,9998.5,20210300,,20210600
2021-01-22 06:00:00,9995.25,20201200,9998.5,20210300,,20210600
2021-01-25 06:00:00,9995.5,20201200,9998.5,20210300,,20210600
2021-01-26 06:00:00,9995.5,20201200,9998.0,20210300,,20210600
2021-01-27 06:00:00,9995.5,20201200,9998.5,20210300,,20210600
2021-01-28 06:00:00,9995.5,20201200,9998.5,20210300,,20210600
2021-01-29 06:00:00,9995.5,20201200,9998.5,20210300,,20210600
2021-02-01 06:00:00,9995.5,20201200,9998.5,20210300,,20210600
2021-02-02 06:00:00,9995.25,20201200,9998.0,20210300,,20210600
2021-02-03 06:00:00,9995.0,20201200,9997.5,20210300,,20210600
2021-02-04 06:00:00,9995.0,20201200,9995.5,20210300,,20210600
2021-02-05 06:00:00,9995.0,20201200,9995.5,20210300,,20210600
2021-02-08 06:00:00,9995.25,20201200,9995.5,20210300,,20210600
2021-02-09 06:00:00,9995.25,20201200,9995.5,20210300,,20210600
2021-02-10 06:00:00,9995.0,20201200,9995.5,20210300,,20210600
2021-02-11 06:00:00,9995.0,20201200,9995.5,20210300,,20210600
2021-02-12 06:00:00,9995.0,20201200,9995.5,20210300,,20210600
2021-02-16 06:00:00,9995.0,20201200,9995.0,20210300,,20210600
2021-02-17 06:00:00,9995.0,20201200,9994.5,20210300,,20210600
2021-02-18 06:00:00,9995.0,20201200,9995.0,20210300,,20210600
2021-02-19 06:00:00,9995.25,20201200,9995.5,20210300,,20210600
2021-02-22 06:00:00,9995.0,20201200,9995.0,20210300,,20210600
2021-02-23 06:00:00,9995.0,20201200,9995.0,20210300,,20210600
2021-02-24 06:00:00,9995.0,20201200,9994.5,20210300,,20210600
2021-02-25 06:00:00,9995.0,20201200,9995.0,20210300,,20210600
2021-02-26 06:00:00,9995.0,20201200,9995.0,20210300,,20210600
2021-03-01 06:00:00,9995.0,20201200,9995.0,20210300,,20210600
2021-03-02 06:00:00,9995.0,20201200,9995.0,20210300,9995.0,20210600
2021-03-03 06:00:00,9995.0,20210300,9994.5,20210600,,20210900
2021-03-04 06:00:00,9995.0,20210300,9995.0,20210600,,20210900
2021-03-05 06:00:00,9995.0,20210300,9995.0,20210600,,20210900
2021-03-08 06:00:00,9994.5,20210300,9994.5,20210600,,20210900
2021-03-09 06:00:00,9994.5,20210300,9995.0,20210600,,20210900
2021-03-10 06:00:00,9995.0,20210300,9995.0,20210600,,20210900
2021-03-11 06:00:00,9995.0,20210300,9995.0,20210600,,20210900
2021-03-12 06:00:00,9995.0,20210300,9995.0,20210600,,20210900
2021-03-15 05:00:00,9995.0,20210300,9995.0,20210600,,20210900
2021-03-16 05:00:00,9995.0,20210300,9995.0,20210600,,20210900
2021-03-17 05:00:00,9994.75,20210300,9994.5,20210600,,20210900
2021-03-18 05:00:00,9995.0,20210300,9995.0,20210600,,20210900
2021-03-19 05:00:00,9994.75,20210300,9994.5,20210600,,20210900
2021-03-22 05:00:00,9995.0,20210300,9995.0,20210600,,20210900
2021-03-23 05:00:00,9995.0,20210300,9995.0,20210600,,20210900
2021-03-24 05:00:00,9995.0,20210300,9995.0,20210600,,20210900
2021-03-25 05:00:00,9995.0,20210300,9995.0,20210600,,20210900
2021-03-26 05:00:00,9994.75,20210300,9994.5,20210600,,20210900
2021-03-29 05:00:00,9995.0,20210300,9995.0,20210600,,20210900
2021-03-30 05:00:00,9995.0,20210300,9995.0,20210600,,20210900
2021-03-31 05:00:00,9995.0,20210300,9995.0,20210600,,20210900
2021-04-01 05:00:00,,20210300,9995.0,20210600,,20210900
2021-04-05 05:00:00,9995.0,20210300,9995.0,20210600,,20210900
2021-04-06 05:00:00,9995.0,20210300,9995.5,20210600,,20210900
2021-04-07 05:00:00,9995.0,20210300,9995.0,20210600,,20210900
2021-04-08 05:00:00,9995.25,20210300,9995.5,20210600,,20210900
2021-04-09 05:00:00,9995.0,20210300,9995.0,20210600,,20210900
2021-04-12 05:00:00,9995.0,20210300,9995.0,20210600,,20210900
2021-04-13 05:00:00,9995.0,20210300,9995.0,20210600,,20210900
2021-04-14 05:00:00,9995.0,20210300,9995.5,20210600,,20210900
2021-04-15 05:00:00,9995.25,20210300,9995.5,20210600,,20210900
2021-04-16 05:00:00,9995.0,20210300,9995.0,20210600,,20210900
2021-04-19 05:00:00,9995.0,20210300,9995.0,20210600,,20210900
2021-04-20 05:00:00,9995.25,20210300,9995.0,20210600,,20210900
2021-04-21 05:00:00,9995.25,20210300,9995.0,20210600,,20210900
2021-04-22 05:00:00,9995.25,20210300,9995.0,20210600,,20210900
2021-04-23 05:00:00,9995.25,20210300,9995.0,20210600,,20210900
2021-04-26 05:00:00,9995.0,20210300,9995.0,20210600,,20210900
2021-04-27 05:00:00,9995.0,20210300,9995.0,20210600,,20210900
2021-04-28 05:00:00,9995.0,20210300,9994.5,20210600,,20210900
2021-04-29 05:00:00,9995.0,20210300,9995.0,20210600,,20210900
2021-04-30 05:00:00,9995.25,20210300,9994.5,20210600,,20210900
2021-05-03 05:00:00,9995.25,20210300,9994.5,20210600,,20210900
2021-05-04 05:00:00,9995.25,20210300,9995.0,20210600,,20210900
2021-05-05 05:00:00,9995.0,20210300,9994.5,20210600,,20210900
2021-05-06 05:00:00,9995.0,20210300,9995.0,20210600,,20210900
2021-05-07 05:00:00,9995.0,20210300,9995.0,20210600,,20210900
2021-05-10 05:00:00,9995.0,20210300,9995.0,20210600,,20210900
2021-05-11 05:00:00,9995.0,20210300,9994.5,20210600,,20210900
2021-05-12 05:00:00,9995.0,20210300,9994.5,20210600,,20210900
2021-05-13 05:00:00,9995.0,20210300,9994.5,20210600,,20210900
2021-05-14 05:00:00,9995.0,20210300,9994.5,20210600,,20210900
2021-05-17 05:00:00,9995.0,20210300,9994.5,20210600,,20210900
2021-05-18 05:00:00,9995.0,20210300,9995.0,20210600,,20210900
2021-05-19 05:00:00,9995.0,20210300,9995.0,20210600,,20210900
2021-05-20 05:00:00,9995.0,20210300,9994.5,20210600,,20210900
2021-05-21 05:00:00,9995.0,20210300,9994.5,20210600,,20210900
2021-05-24 05:00:00,9995.0,20210300,9995.0,20210600,,20210900
2021-05-25 05:00:00,9995.0,20210300,9995.0,20210600,,20210900
2021-05-26 05:00:00,9995.0,20210300,9995.0,20210600,,20210900
2021-05-27 05:00:00,9995.0,20210300,9995.0,20210600,,20210900
2021-05-28 05:00:00,9995.0,20210300,9995.0,20210600,,20210900
2021-06-01 05:00:00,9995.0,20210300,9995.0,20210600,,20210900
2021-06-02 05:00:00,9995.0,20210300,9995.0,20210600,9994.5,20210900
2021-06-03 05:00:00,9995.0,20210600,9995.0,20210900,,20211200
2021-06-04 05:00:00,9995.0,20210600,9994.5,20210900,,20211200
2021-06-07 05:00:00,9995.0,20210600,9995.0,20210900,,20211200
2021-06-08 05:00:00,9995.0,20210600,9995.0,20210900,,20211200
2021-06-09 05:00:00,9995.0,20210600,9994.5,20210900,,20211200
2021-06-10 05:00:00,9995.0,20210600,9994.5,20210900,,20211200
2021-06-11 05:00:00,9995.0,20210600,9995.0,20210900,,20211200
2021-06-14 05:00:00,9995.0,20210600,9994.5,20210900,,20211200
2021-06-15 05:00:00,9995.0,20210600,9994.5,20210900,,20211200
2021-06-16 05:00:00,9995.0,20210600,9994.5,20210900,,20211200
2021-06-17 05:00:00,9995.0,20210600,9994.5,20210900,,20211200
2021-06-18 05:00:00,9994.75,20210600,9994.0,20210900,,20211200
2021-06-21 05:00:00,9994.75,20210600,9994.0,20210900,,20211200
2021-06-22 05:00:00,9994.75,20210600,9994.0,20210900,,20211200
2021-06-23 05:00:00,9994.5,20210600,9994.0,20210900,,20211200
2021-06-24 05:00:00,9994.5,20210600,9994.0,20210900,,20211200
2021-06-25 05:00:00,9994.5,20210600,9994.0,20210900,,20211200
2021-06-28 05:00:00,9994.5,20210600,9994.0,20210900,,20211200
2021-06-29 05:00:00,9994.5,20210600,9994.0,20210900,,20211200
2021-06-30 05:00:00,9994.5,20210600,9994.0,20210900,,20211200
2021-07-01 05:00:00,,20210600,9994.0,20210900,,20211200
2021-07-02 05:00:00,9994.75,20210600,9994.5,20210900,,20211200
2021-07-06 05:00:00,9994.75,20210600,9994.5,20210900,,20211200
2021-07-07 05:00:00,9995.0,20210600,9994.5,20210900,,20211200
2021-07-08 05:00:00,9994.75,20210600,9994.5,20210900,,20211200
2021-07-09 05:00:00,9994.75,20210600,9994.5,20210900,,20211200
2021-07-12 05:00:00,9995.0,20210600,9994.5,20210900,,20211200
2021-07-13 05:00:00,9995.0,20210600,9994.5,20210900,,20211200
2021-07-14 05:00:00,9995.0,20210600,9994.5,20210900,,20211200
2021-07-15 05:00:00,9994.75,20210600,9993.5,20210900,,20211200
2021-07-16 05:00:00,9994.75,20210600,9993.5,20210900,,20211200
2021-07-19 05:00:00,9994.75,20210600,9994.0,20210900,,20211200
2021-07-20 05:00:00,9994.75,20210600,9994.0,20210900,,20211200
2021-07-21 05:00:00,9994.75,20210600,9994.0,20210900,,20211200
2021-07-22 05:00:00,9994.75,20210600,9994.0,20210900,,20211200
2021-07-23 05:00:00,9994.75,20210600,9994.5,20210900,,20211200
2021-07-26 05:00:00,9995.0,20210600,9994.5,20210900,,20211200
2021-07-27 05:00:00,9994.75,20210600,9994.0,20210900,,20211200
2021-07-28 05:00:00,9994.75,20210600,9994.0,20210900,,20211200
2021-07-29 05:00:00,9994.75,20210600,9994.5,20210900,,20211200
2021-07-30 05:00:00,9994.75,20210600,9994.5,20210900,,20211200
2021-08-02 05:00:00,9995.0,20210600,9994.5,20210900,,20211200
2021-08-03 05:00:00,9995.0,20210600,9994.5,20210900,,20211200
2021-08-04 05:00:00,9995.0,20210600,9994.0,20210900,,20211200
2021-08-05 05:00:00,9994.75,20210600,9994.0,20210900,,20211200
2021-08-06 05:00:00,9994.75,20210600,9994.0,20210900,,20211200
2021-08-09 05:00:00,9994.75,20210600,9994.0,20210900,,20211200
2021-08-10 05:00:00,9994.75,20210600,9994.0,20210900,,20211200
2021-08-11 05:00:00,9994.75,20210600,9994.0,20210900,,20211200
2021-08-12 05:00:00,9994.75,20210600,9994.0,20210900,,20211200
2021-08-13 05:00:00,9995.0,20210600,9994.5,20210900,,20211200
2021-08-16 05:00:00,9995.0,20210600,9994.0,20210900,,20211200
2021-08-17 05:00:00,9994.75,20210600,9994.0,20210900,,20211200
2021-08-18 05:00:00,9994.75,20210600,9994.5,20210900,,20211200
2021-08-19 05:00:00,9994.75,20210600,9994.0,20210900,,20211200
2021-08-20 05:00:00,9995.0,20210600,9994.5,20210900,,20211200
2021-08-23 05:00:00,9995.0,20210600,9994.0,20210900,,20211200
2021-08-24 05:00:00,9995.0,20210600,9994.5,20210900,,20211200
2021-08-25 05:00:00,9995.0,20210600,9994.5,20210900,,20211200
2021-08-26 05:00:00,9995.0,20210600,9994.5,20210900,,20211200
2021-08-27 05:00:00,9995.0,20210600,9994.5,20210900,,20211200
2021-08-30 05:00:00,9995.0,20210600,9994.5,20210900,,20211200
2021-08-31 05:00:00,9995.0,20210600,9994.5,20210900,,20211200
2021-09-01 05:00:00,9995.0,20210600,9994.5,20210900,,20211200
2021-09-02 05:00:00,9995.0,20210600,9994.5,20210900,9990.5,20211200
2021-09-03 05:00:00,9994.5,20210900,9991.0,20211200,,20220300
2021-09-07 05:00:00,9995.0,20210900,9991.0,20211200,,20220300
2021-09-08 05:00:00,9994.5,20210900,9991.0,20211200,,20220300
2021-09-09 05:00:00,9994.5,20210900,9989.5,20211200,,20220300
2021-09-10 05:00:00,9994.5,20210900,9990.0,20211200,,20220300
2021-09-13 05:00:00,9994.5,20210900,9989.5,20211200,,20220300
2021-09-14 05:00:00,9994.5,20210900,9989.5,20211200,,20220300
2021-09-15 05:00:00,9994.5,20210900,9989.0,20211200,,20220300
2021-09-16 05:00:00,9994.5,20210900,9988.5,20211200,,20220300
2021-09-17 05:00:00,9994.25,20210900,9988.0,20211200,,20220300
2021-09-20 05:00:00,9994.25,20210900,9988.5,20211200,,20220300
2021-09-21 05:00:00,9994.5,20210900,9989.0,20211200,,20220300
2021-09-22 05:00:00,9994.25,20210900,9989.0,20211200,,20220300
2021-09-23 05:00:00,9993.25,20210900,9983.0,20211200,,20220300
2021-09-24 05:00:00,9993.5,20210900,9982.0,20211200,,20220300
2021-09-27 05:00:00,9994.0,20210900,9983.0,20211200,,20220300
2021-09-28 05:00:00,9993.25,20210900,9981.0,20211200,,20220300
2021-09-29 05:00:00,9993.25,20210900,9980.0,20211200,,20220300
2021-09-30 05:00:00,9992.5,20210900,9978.5,20211200,,20220300
2021-10-01 05:00:00,,20210900,9980.0,20211200,,20220300
2021-10-04 05:00:00,9993.0,20210900,9981.0,20211200,,20220300
2021-10-05 05:00:00,9992.0,20210900,9977.0,20211200,,20220300
2021-10-06 05:00:00,9991.5,20210900,9975.5,20211200,,20220300
2021-10-07 05:00:00,9992.75,20210900,9975.5,20211200,,20220300
2021-10-08 05:00:00,9992.75,20210900,9973.5,20211200,,20220300
2021-10-11 05:00:00,9991.0,20210900,9965.0,20211200,,20220300
2021-10-12 05:00:00,9991.5,20210900,9965.0,20211200,,20220300
2021-10-13 05:00:00,9991.0,20210900,9963.5,20211200,,20220300
2021-10-14 05:00:00,9991.5,20210900,9965.0,20211200,,20220300
2021-10-15 05:00:00,9991.25,20210900,9964.0,20211200,,20220300
2021-10-18 05:00:00,9984.75,20210900,9945.5,20211200,,20220300
2021-10-19 05:00:00,9985.5,20210900,9948.5,20211200,,20220300
2021-10-20 05:00:00,9986.5,20210900,9951.0,20211200,,20220300
2021-10-21 05:00:00,9986.75,20210900,9950.5,20211200,,20220300
2021-10-22 05:00:00,9988.0,20210900,9953.0,20211200,,20220300
2021-10-25 05:00:00,9988.75,20210900,9956.0,20211200,,20220300
2021-10-26 05:00:00,9989.25,20210900,9957.5,20211200,,20220300
2021-10-27 05:00:00,9988.25,20210900,9953.0,20211200,,20220300
2021-10-28 05:00:00,9988.0,20210900,9951.0,20211200,,20220300
2021-10-29 05:00:00,9989.5,20210900,9953.0,20211200,,20220300
2021-11-01 05:00:00,9988.5,20210900,9953.5,20211200,,20220300
2021-11-02 05:00:00,9988.5,20210900,9957.0,20211200,,20220300
2021-11-03 05:00:00,9988.5,20210900,9953.5,20211200,,20220300
2021-11-04 05:00:00,9995.0,20210900,9973.0,20211200,,20220300
2021-11-05 05:00:00,9994.75,20210900,9973.5,20211200,,20220300
2021-11-08 06:00:00,9995.0,20210900,9973.0,20211200,,20220300
2021-11-09 06:00:00,9995.0,20210900,9973.0,20211200,,20220300
2021-11-10 06:00:00,9995.0,20210900,9971.5,20211200,,20220300
2021-11-11 06:00:00,9995.0,20210900,9972.0,20211200,,20220300
2021-11-12 06:00:00,9995.0,20210900,9973.5,20211200,,20220300
2021-11-15 06:00:00,9995.0,20210900,9973.0,20211200,,20220300
2021-11-16 06:00:00,9995.0,20210900,9971.5,20211200,,20220300
2021-11-17 06:00:00,9995.0,20210900,9972.0,20211200,,20220300
2021-11-18 06:00:00,9995.0,20210900,9972.5,20211200,,20220300
2021-11-19 06:00:00,9995.0,20210900,9974.0,20211200,,20220300
2021-11-22 06:00:00,9995.0,20210900,9974.0,20211200,,20220300
2021-11-23 06:00:00,9995.0,20210900,9974.0,20211200,,20220300
2021-11-24 06:00:00,9995.0,20210900,9974.0,20211200,,20220300
2021-11-26 06:00:00,9995.0,20210900,9979.0,20211200,,20220300
2021-11-29 06:00:00,9995.0,20210900,9978.0,20211200,,20220300
2021-11-30 06:00:00,9995.0,20210900,9978.5,20211200,,20220300
2021-12-01 06:00:00,9995.25,20210900,9976.5,20211200,9947.5,20220300
2021-12-02 06:00:00,9978.5,20211200,9949.5,20220300,,20220600
2021-12-03 06:00:00,9981.5,20211200,9952.5,20220300,,20220600
2021-12-06 06:00:00,9981.0,20211200,9953.5,20220300,,20220600
2021-12-07 06:00:00,9980.0,20211200,9953.0,20220300,,20220600
2021-12-08 06:00:00,9981.5,20211200,9954.5,20220300,,20220600
2021-12-09 06:00:00,9982.0,20211200,9956.5,20220300,,20220600
2021-12-10 06:00:00,9982.0,20211200,9957.0,20220300,,20220600
2021-12-13 06:00:00,9982.5,20211200,9957.0,20220300,,20220600
2021-12-14 06:00:00,9982.0,20211200,9956.0,20220300,,20220600
2021-12-15 06:00:00,9979.5,20211200,9948.5,20220300,,20220600
2021-12-16 06:00:00,9972.5,20211200,9943.5,20220300,,20220600
2021-12-17 06:00:00,9972.0,20211200,9942.0,20220300,,20220600
2021-12-20 06:00:00,9971.5,20211200,9941.5,20220300,,20220600
2021-12-21 06:00:00,9971.0,20211200,9940.0,20220300,,20220600
2021-12-22 06:00:00,9971.0,20211200,9938.5,20220300,,20220600
2021-12-23 06:00:00,9971.0,20211200,9938.5,20220300,,20220600
2021-12-27 06:00:00,9971.0,20211200,9938.0,20220300,,20220600
2021-12-28 06:00:00,9971.0,20211200,9938.0,20220300,,20220600
2021-12-29 06:00:00,9971.25,20211200,9938.0,20220300,,20220600
2021-12-30 06:00:00,9971.25,20211200,9939.0,20220300,,20220600
2021-12-31 06:00:00,9972.0,20211200,9939.5,20220300,,20220600
2022-01-03 06:00:00,9972.0,20211200,9939.5,20220300,,20220600
2022-01-04 06:00:00,9971.5,20211200,9937.5,20220300,,20220600
2022-01-05 06:00:00,9972.0,20211200,9938.0,20220300,,20220600
2022-01-06 06:00:00,9971.5,20211200,9937.0,20220300,,20220600
2022-01-07 06:00:00,9971.75,20211200,9937.0,20220300,,20220600
2022-01-10 06:00:00,9971.5,20211200,9937.5,20220300,,20220600
2022-01-11 06:00:00,9971.25,20211200,9937.5,20220300,,20220600
2022-01-12 06:00:00,9971.25,20211200,9937.5,20220300,,20220600
2022-01-13 06:00:00,9971.25,20211200,9939.0,20220300,,20220600
2022-01-14 06:00:00,9971.0,20211200,9938.5,20220300,,20220600
2022-01-18 06:00:00,9970.5,20211200,9937.0,20220300,,20220600
2022-01-19 06:00:00,9969.75,20211200,9933.5,20220300,,20220600
2022-01-20 06:00:00,9970.25,20211200,9934.5,20220300,,20220600
2022-01-21 06:00:00,9970.5,20211200,9935.5,20220300,,20220600
2022-01-24 06:00:00,9970.5,20211200,9934.5,20220300,,20220600
2022-01-25 06:00:00,9970.5,20211200,9934.0,20220300,,20220600
2022-01-26 06:00:00,9970.5,20211200,9933.5,20220300,,20220600
2022-01-27 06:00:00,9970.0,20211200,9930.5,20220300,,20220600
2022-01-28 06:00:00,9970.25,20211200,9930.0,20220300,,20220600
2022-01-31 06:00:00,9969.75,20211200,9927.0,20220300,,20220600
2022-02-01 06:00:00,9969.75,20211200,9927.5,20220300,,20220600
2022-02-02 06:00:00,9969.5,20211200,9928.5,20220300,,20220600
2022-02-03 06:00:00,9969.25,20211200,9910.0,20220300,,20220600
2022-02-04 06:00:00,9969.25,20211200,9903.0,20220300,,20220600
2022-02-07 06:00:00,9969.25,20211200,9906.5,20220300,,20220600
2022-02-08 06:00:00,9969.25,20211200,9906.0,20220300,,20220600
2022-02-09 06:00:00,9969.25,20211200,9908.0,20220300,,20220600
2022-02-10 06:00:00,9969.25,20211200,9904.0,20220300,,20220600
2022-02-11 06:00:00,9969.25,20211200,9898.0,20220300,,20220600
2022-02-14 06:00:00,9969.25,20211200,9896.5,20220300,,20220600
2022-02-15 06:00:00,9969.25,20211200,9896.0,20220300,,20220600
2022-02-16 06:00:00,9969.5,20211200,9902.5,20220300,,20220600
2022-02-17 06:00:00,9969.5,20211200,9904.0,20220300,,20220600
2022-02-18 06:00:00,9969.5,20211200,9906.5,20220300,,20220600
2022-02-22 06:00:00,9969.5,20211200,9908.5,20220300,,20220600
2022-02-23 06:00:00,9969.5,20211200,9911.5,20220300,,20220600
2022-02-24 06:00:00,9969.5,20211200,9912.5,20220300,,20220600
2022-02-25 06:00:00,9969.5,20211200,9913.0,20220300,,20220600
2022-02-28 06:00:00,9969.5,20211200,9915.0,20220300,,20220600
2022-03-01 06:00:00,9969.5,20211200,9917.0,20220300,,20220600
2022-03-02 06:00:00,9969.5,20211200,9910.5,20220300,9858.5,20220600
2022-03-03 06:00:00,9909.5,20220300,9854.5,20220600,,20220900
2022-03-04 06:00:00,9910.0,20220300,9856.0,20220600,,20220900
2022-03-07 06:00:00,9908.0,20220300,9848.0,20220600,,20220900
2022-03-08 06:00:00,9907.5,20220300,9842.0,20220600,,20220900
2022-03-09 06:00:00,9908.0,20220300,9840.0,20220600,,20220900
2022-03-10 06:00:00,9909.5,20220300,9843.5,20220600,,20220900
2022-03-11 06:00:00,9908.5,20220300,9842.0,20220600,,20220900
2022-03-14 05:00:00,9907.5,20220300,9841.0,20220600,,20220900
2022-03-15 05:00:00,9908.0,20220300,9842.0,20220600,,20220900
2022-03-16 05:00:00,9908.0,20220300,9840.0,20220600,,20220900
2022-03-17 05:00:00,9916.5,20220300,9858.5,20220600,,20220900
2022-03-18 05:00:00,9917.0,20220300,9861.0,20220600,,20220900
2022-03-21 05:00:00,9916.75,20220300,9858.5,20220600,,20220900
2022-03-22 05:00:00,9916.25,20220300,9854.0,20220600,,20220900
2022-03-23 05:00:00,9916.75,20220300,9858.0,20220600,,20220900
2022-03-24 05:00:00,9916.75,20220300,9859.0,20220600,9815.0,20220900
2022-03-25 05:00:00,9856.0,20220600,9810.5,20220900,9786.0,20221200
2022-03-28 05:00:00,9858.0,20220600,9812.5,20220900,9788.0,20221200
2022-03-29 05:00:00,9859.0,20220600,9812.0,20220900,9788.0,20221200
2022-03-30 05:00:00,9858.0,20220600,9810.0,20220900,9785.0,20221200
2022-03-31 05:00:00,9859.0,20220600,9810.0,20220900,9784.5,20221200
2022-04-01 05:00:00,9860.0,20220600,9811.5,20220900,9784.5,20221200
2022-04-04 05:00:00,9863.0,20220600,9815.0,20220900,9788.0,20221200
2022-04-05 05:00:00,9863.0,20220600,9812.0,20220900,9783.0,20221200
2022-04-06 05:00:00,9864.0,20220600,9813.0,20220900,9783.0,20221200
2022-04-07 05:00:00,9864.5,20220600,9816.0,20220900,9783.0,20221200
2022-04-08 05:00:00,9865.5,20220600,9817.5,20220900,9784.0,20221200
2022-04-11 05:00:00,9864.5,20220600,9815.0,20220900,9780.0,20221200
2022-04-12 05:00:00,9864.5,20220600,9818.5,20220900,9783.0,20221200
2022-04-13 05:00:00,9862.0,20220600,9817.0,20220900,9782.0,20221200
2022-04-14 05:00:00,9860.5,20220600,9811.5,20220900,9776.5,20221200
2022-04-18 05:00:00,9860.5,20220600,9811.5,20220900,9776.5,20221200
2022-04-19 05:00:00,9860.0,20220600,9809.0,20220900,9772.0,20221200
2022-04-20 05:00:00,9860.5,20220600,9811.5,20220900,9774.5,20221200
2022-04-21 05:00:00,9846.0,20220600,9793.5,20220900,9759.5,20221200
2022-04-22 05:00:00,9850.0,20220600,9795.5,20220900,9761.0,20221200
2022-04-25 05:00:00,9854.5,20220600,9804.5,20220900,9775.5,20221200
2022-04-26 05:00:00,9855.5,20220600,9805.5,20220900,9777.5,20221200
2022-04-27 05:00:00,9856.5,20220600,9806.0,20220900,9779.0,20221200
2022-04-28 05:00:00,9854.5,20220600,9802.5,20220900,9775.0,20221200
2022-04-29 05:00:00,9850.5,20220600,9797.5,20220900,9769.0,20221200
2022-05-02 05:00:00,9850.5,20220600,9797.5,20220900,9769.0,20221200
2022-05-03 05:00:00,9848.5,20220600,9793.0,20220900,9764.0,20221200
2022-05-04 05:00:00,9850.5,20220600,9791.5,20220900,9761.5,20221200
2022-05-05 05:00:00,9860.5,20220600,9807.5,20220900,9775.5,20221200
2022-05-06 05:00:00,9860.5,20220600,9808.5,20220900,9774.0,20221200
2022-05-09 05:00:00,9864.0,20220600,9816.0,20220900,9783.5,20221200
2022-05-10 05:00:00,9864.5,20220600,9819.5,20220900,9785.5,20221200
2022-05-11 05:00:00,9864.0,20220600,9819.5,20220900,9788.0,20221200
2022-05-12 05:00:00,9864.5,20220600,9820.0,20220900,9790.0,20221200
2022-05-13 05:00:00,9864.0,20220600,9818.5,20220900,9790.5,20221200
2022-05-16 05:00:00,9862.5,20220600,9816.0,20220900,9788.5,20221200
2022-05-17 05:00:00,9854.5,20220600,9802.0,20220900,9772.0,20221200
2022-05-18 05:00:00,9855.0,20220600,9803.5,20220900,9774.5,20221200
2022-05-19 05:00:00,9855.5,20220600,9803.5,20220900,9774.0,20221200
2022-05-20 05:00:00,9855.0,20220600,9800.0,20220900,9770.0,20221200
2022-05-23 05:00:00,9855.0,20220600,9799.5,20220900,9768.0,20221200
2022-05-24 05:00:00,9861.0,20220600,9810.0,20220900,9781.0,20221200
2022-05-25 05:00:00,9861.0,20220600,9808.5,20220900,9778.0,20221200
2022-05-26 05:00:00,9858.0,20220600,9804.5,20220900,9772.5,20221200
2022-05-27 05:00:00,9858.5,20220600,9804.0,20220900,9771.5,20221200
2022-05-31 05:00:00,9856.0,20220600,9798.5,20220900,9759.0,20221200
2022-06-01 05:00:00,9856.5,20220600,9796.5,20220900,9752.5,20221200
2022-06-02 05:00:00,9856.5,20220600,9796.5,20220900,9752.5,20221200
2022-06-03 05:00:00,9856.5,20220600,9796.5,20220900,9752.5,20221200
2022-06-06 05:00:00,9857.5,20220600,9793.0,20220900,9746.0,20221200
2022-06-07 05:00:00,9858.0,20220600,9793.0,20220900,9745.0,20221200
2022-06-08 05:00:00,9856.0,20220600,9789.5,20220900,9741.5,20221200
2022-06-09 05:00:00,9852.0,20220600,9780.0,20220900,9730.5,20221200
2022-06-10 05:00:00,9847.5,20220600,9767.5,20220900,9710.5,20221200
2022-06-13 05:00:00,9849.0,20220600,9765.0,20220900,9701.0,20221200
2022-06-14 05:00:00,9847.5,20220600,9760.5,20220900,9702.0,20221200
2022-06-15 05:00:00,9846.5,20220600,9760.0,20220900,9703.0,20221200
2022-06-16 05:00:00,9849.25,20220600,9745.5,20220900,9688.0,20221200
2022-06-17 05:00:00,9851.5,20220600,9744.0,20220900,9683.5,20221200
2022-06-21 05:00:00,9745.0,20220900,9680.0,20221200,9650.0,20230300
2022-06-22 05:00:00,9754.5,20220900,9694.5,20221200,9672.5,20230300
2022-06-23 05:00:00,9762.0,20220900,9710.5,20221200,9696.0,20230300
2022-06-24 05:00:00,9765.0,20220900,9708.5,20221200,9691.5,20230300
2022-06-27 05:00:00,9762.0,20220900,9705.0,20221200,9685.0,20230300
2022-06-28 05:00:00,9758.5,20220900,9697.0,20221200,9671.5,20230300
2022-06-29 05:00:00,9765.5,20220900,9705.0,20221200,9680.5,20230300
2022-06-30 05:00:00,9767.5,20220900,9712.5,20221200,9696.0,20230300
2022-07-01 05:00:00,9772.0,20220900,9723.0,20221200,9712.5,20230300
2022-07-05 05:00:00,9770.5,20220900,9724.0,20221200,9710.5,20230300
2022-07-06 05:00:00,9772.5,20220900,9725.0,20221200,9712.5,20230300
2022-07-07 05:00:00,9764.5,20220900,9718.0,20221200,9700.5,20230300
2022-07-08 05:00:00,9764.5,20220900,9713.5,20221200,9692.0,20230300
2022-07-11 05:00:00,9769.0,20220900,9721.0,20221200,9703.0,20230300
2022-07-12 05:00:00,9770.5,20220900,9728.0,20221200,9715.0,20230300
2022-07-13 05:00:00,9760.0,20220900,9714.5,20221200,9703.5,20230300
2022-07-14 05:00:00,9750.5,20220900,9695.5,20221200,9689.0,20230300
2022-07-15 05:00:00,9753.5,20220900,9698.0,20221200,9690.0,20230300
2022-07-18 05:00:00,9753.5,20220900,9696.5,20221200,9687.5,20230300
2022-07-19 05:00:00,9753.5,20220900,9695.0,20221200,9684.5,20230300
2022-07-20 05:00:00,9759.0,20220900,9699.5,20221200,9689.0,20230300
2022-07-21 05:00:00,9760.0,20220900,9702.5,20221200,9692.0,20230300
2022-07-22 05:00:00,,20220900,,20221200,9713.0,20230300
2022-07-25 05:00:00,9767.5,20220900,9718.0,20221200,9713.5,20230300
2022-07-26 05:00:00,9767.0,20220900,9717.0,20221200,9713.5,20230300
2022-07-27 05:00:00,9766.5,20220900,9713.5,20221200,9706.5,20230300
2022-07-28 05:00:00,9774.0,20220900,9730.0,20221200,9724.0,20230300
2022-07-29 05:00:00,9773.5,20220900,9729.0,20221200,9722.5,20230300
2022-08-01 05:00:00,9774.0,20220900,9731.0,20221200,9722.5,20230300
2022-08-02 05:00:00,9771.0,20220900,9725.0,20221200,9717.0,20230300
2022-08-03 05:00:00,9767.5,20220900,9716.0,20221200,9704.5,20230300
2022-08-04 05:00:00,9764.0,20220900,9717.0,20221200,9708.0,20230300
2022-08-05 05:00:00,9760.0,20220900,9702.5,20221200,9692.0,20230300
2022-08-08 05:00:00,9763.0,20220900,9706.5,20221200,9694.5,20230300
2022-08-09 05:00:00,9761.5,20220900,9700.5,20221200,9685.5,20230300
2022-08-10 05:00:00,9762.5,20220900,9706.0,20221200,9691.0,20230300
2022-08-11 05:00:00,9761.0,20220900,9700.5,20221200,9681.5,20230300
2022-08-12 05:00:00,9760.0,20220900,9698.0,20221200,9675.5,20230300
2022-08-15 05:00:00,9761.0,20220900,9697.0,20221200,9676.0,20230300
2022-08-17 05:00:00,9741.5,20220900,9661.0,20221200,9630.0,20230300
2022-08-19 05:00:00,9740.5,20220900,9657.0,20221200,9619.0,20230300
2022-08-22 05:00:00,9738.0,20220900,9649.5,20221200,9606.0,20230300
2022-08-24 05:00:00,9734.5,20220900,9633.0,20221200,9574.0,20230300
2022-08-26 05:00:00,9736.0,20220900,9643.5,20221200,9590.0,20230300
2022-08-29 05:00:00,9736.0,20220900,9643.5,20221200,9590.0,20230300
2022-08-31 05:00:00,9728.5,20220900,9630.5,20221200,9574.0,20230300
2022-09-02 05:00:00,9727.0,20220900,9630.0,20221200,9575.0,20230300
2022-09-06 05:00:00,9721.5,20220900,9621.0,20221200,9568.0,20230300
2022-09-08 05:00:00,9727.0,20220900,9629.5,20221200,9581.0,20230300
2022-09-12 05:00:00,9726.0,20220900,9626.5,20221200,9579.5,20230300
2022-09-14 05:00:00,9721.5,20220900,9614.0,20221200,9563.0,20230300
2022-09-16 05:00:00,9726.5,20220900,9613.0,20221200,9555.5,20230300
2022-09-20 05:00:00,9604.5,20221200,9541.5,20230300,9527.5,20230600
2022-09-22 05:00:00,9610.0,20221200,9530.5,20230300,9507.5,20230600
2022-09-26 05:00:00,9485.0,20221200,9414.0,20230300,9399.5,20230600
2022-09-28 05:00:00,9493.5,20221200,9418.5,20230300,9416.0,20230600
2022-09-30 05:00:00,9500.0,20221200,9423.0,20230300,9417.5,20230600
2022-10-03 05:00:00,9535.5,20221200,9454.5,20230300,9449.5,20230600
2022-10-05 05:00:00,9539.5,20221200,9454.5,20230300,9444.0,20230600
2022-10-07 05:00:00,9530.5,20221200,9440.0,20230300,9425.0,20230600
2022-10-10 05:00:00,9520.5,20221200,9424.0,20230300,9408.0,20230600
2022-10-12 05:00:00,9529.0,20221200,9435.0,20230300,9428.5,20230600
2022-10-14 05:00:00,9553.0,20221200,9465.5,20230300,9458.0,20230600
2022-10-17 05:00:00,9574.0,20221200,9493.5,20230300,9481.5,20230600
2022-10-19 05:00:00,9576.5,20221200,9496.5,20230300,9485.0,20230600
2022-10-21 05:00:00,9578.0,20221200,9488.0,20230300,9467.0,20230600
2022-10-24 05:00:00,9593.5,20221200,9512.5,20230300,9495.0,20230600
2022-10-26 05:00:00,9609.5,20221200,9531.5,20230300,9511.5,20230600
2022-10-28 05:00:00,9612.5,20221200,9541.5,20230300,9518.0,20230600
2022-10-31 05:00:00,9614.5,20221200,9543.5,20230300,9517.5,20230600
2022-11-02 05:00:00,9620.0,20221200,9551.0,20230300,9532.5,20230600
2022-11-04 05:00:00,9621.0,20221200,9556.0,20230300,9534.5,20230600
2022-11-07 06:00:00,9622.0,20221200,9556.5,20230300,9535.5,20230600
2022-11-09 06:00:00,9622.5,20221200,9556.5,20230300,9539.0,20230600
2022-11-11 06:00:00,9627.5,20221200,9563.5,20230300,9546.0,20230600
2022-11-14 06:00:00,9625.0,20221200,9563.5,20230300,9548.0,20230600
2022-11-16 06:00:00,9622.5,20221200,9560.5,20230300,9546.5,20230600
2022-11-18 06:00:00,9623.0,20221200,9556.5,20230300,9538.5,20230600
2022-11-21 06:00:00,9625.5,20221200,9558.0,20230300,9539.0,20230600
2022-11-23 06:00:00,9625.5,20221200,9558.0,20230300,9538.5,20230600
2022-11-25 06:00:00,9626.5,20221200,9558.5,20230300,9533.5,20230600
2022-11-28 06:00:00,9626.5,20221200,9560.5,20230300,9537.5,20230600
2022-11-30 06:00:00,9625.0,20221200,9558.5,20230300,9535.0,20230600
2022-12-02 06:00:00,9626.0,20221200,9559.5,20230300,9537.0,20230600
2022-12-05 06:00:00,9627.5,20221200,9560.0,20230300,9537.0,20230600
2022-12-07 06:00:00,9628.5,20221200,9563.0,20230300,9541.0,20230600
2022-12-09 06:00:00,9628.5,20221200,9565.0,20230300,9541.5,20230600
2022-12-12 06:00:00,9628.0,20221200,9562.5,20230300,9535.5,20230600
2022-12-14 06:00:00,9630.0,20221200,9568.0,20230300,9542.5,20230600
2022-12-16 06:00:00,9566.5,20230300,9536.0,20230600,9535.5,20230900
2022-12-16 16:00:00,,20230300,9536.0,20230600,,20230900
2022-12-19 06:00:00,9566.0,20230300,9534.5,20230600,9533.5,20230900
2022-12-20 06:00:00,9565.5,20230300,9533.5,20230600,9528.5,20230900
2022-12-21 06:00:00,9568.0,20230300,9539.0,20230600,9535.5,20230900
2022-12-22 06:00:00,9567.0,20230300,9535.0,20230600,9531.0,20230900
2022-12-23 06:00:00,9567.0,20230300,9532.0,20230600,9528.0,20230900
2022-12-27 06:00:00,9567.0,20230300,9532.0,20230600,9528.0,20230900
2022-12-28 06:00:00,9569.0,20230300,9533.5,20230600,9530.0,20230900
2022-12-29 06:00:00,9569.5,20230300,9533.5,20230600,9529.5,20230900
2022-12-30 06:00:00,9570.0,20230300,9535.0,20230600,9530.5,20230900
2023-01-03 06:00:00,9572.5,20230300,9539.5,20230600,9535.5,20230900
2023-01-04 06:00:00,9576.5,20230300,9547.0,20230600,9544.0,20230900
2023-01-05 06:00:00,9569.5,20230300,9538.0,20230600,9535.0,20230900
2023-01-06 06:00:00,9575.0,20230300,9548.0,20230600,9547.5,20230900
2023-01-09 06:00:00,9574.5,20230300,9549.0,20230600,9550.0,20230900
2023-01-10 06:00:00,9573.5,20230300,9548.0,20230600,9548.0,20230900
2023-01-11 06:00:00,9575.5,20230300,9554.5,20230600,9557.0,20230900
2023-01-12 06:00:00,9577.0,20230300,9560.5,20230600,9566.0,20230900
2023-01-13 06:00:00,9576.0,20230300,9560.0,20230600,9562.5,20230900
2023-01-17 06:00:00,9574.0,20230300,9555.0,20230600,9557.5,20230900
2023-01-18 06:00:00,9571.5,20230300,9551.5,20230600,9557.0,20230900
2023-01-19 06:00:00,9572.5,20230300,9552.5,20230600,9558.0,20230900
2023-01-20 06:00:00,9572.0,20230300,9554.0,20230600,9560.5,20230900
2023-01-23 06:00:00,9572.0,20230300,9551.5,20230600,9559.0,20230900
2023-01-24 06:00:00,9575.5,20230300,9555.0,20230600,9562.0,20230900
2023-01-25 06:00:00,9577.0,20230300,9560.0,20230600,9570.0,20230900
2023-01-26 06:00:00,9575.5,20230300,9559.0,20230600,9568.0,20230900
2023-01-27 06:00:00,9576.0,20230300,9560.0,20230600,9569.0,20230900
2023-01-30 06:00:00,9575.5,20230300,9558.5,20230600,9566.0,20230900
2023-01-31 06:00:00,9576.5,20230300,9560.0,20230600,9568.5,20230900
2023-02-01 06:00:00,9578.0,20230300,9560.5,20230600,9568.5,20230900
2023-02-02 06:00:00,9581.5,20230300,9571.5,20230600,9588.5,20230900
2023-02-03 06:00:00,9582.5,20230300,9574.0,20230600,9589.0,20230900
2023-02-06 06:00:00,9581.0,20230300,9568.0,20230600,9576.5,20230900
2023-02-07 06:00:00,9581.0,20230300,9565.5,20230600,9573.0,20230900
2023-02-08 06:00:00,9581.0,20230300,9565.5,20230600,9573.0,20230900
2023-02-09 06:00:00,9580.5,20230300,9564.0,20230600,9570.0,20230900
